=== 0. identity tests ===
R_q == |8c^4-8qc^2+q^2| identity: FAILS=0 PASS
closed form vs builder: 91 pairs, mismatches=0 PASS
=== 1. Lemma A: p | R_q  <=>  p==1 mod 8 and q in (4+2*sqrt2)*QR_p ===
pairs=22155, p|R_q hits=182, mod8 violations=0, coset violations=0
REVERSE FAIL 17 149
REVERSE FAIL 17 157
REVERSE FAIL 17 229
REVERSE FAIL 17 257
REVERSE FAIL 17 293
REVERSE FAIL 17 353
REVERSE FAIL 17 389
REVERSE FAIL 17 409
REVERSE FAIL 17 433
REVERSE FAIL 17 457
REVERSE FAIL 17 509
REVERSE FAIL 17 613
REVERSE FAIL 17 757
REVERSE FAIL 17 773
REVERSE FAIL 17 829
REVERSE FAIL 17 1069
REVERSE FAIL 17 1181
REVERSE FAIL 17 1237
REVERSE FAIL 17 1249
REVERSE FAIL 17 1277
REVERSE FAIL 17 1301
REVERSE FAIL 17 1361
REVERSE FAIL 17 1381
REVERSE FAIL 17 1481
REVERSE FAIL 17 1549
REVERSE FAIL 17 1597
REVERSE FAIL 17 1613
REVERSE FAIL 17 1657
REVERSE FAIL 17 1721
REVERSE FAIL 17 1733
REVERSE FAIL 17 1889
REVERSE FAIL 17 1913
REVERSE FAIL 17 1997
REVERSE FAIL 17 2053
REVERSE FAIL 17 2129
REVERSE FAIL 17 2141
REVERSE FAIL 17 2381
REVERSE FAIL 17 2389
REVERSE FAIL 17 2593
REVERSE FAIL 17 2617
REVERSE FAIL 17 2677
REVERSE FAIL 17 2789
REVERSE FAIL 17 2797
REVERSE FAIL 17 2837
REVERSE FAIL 17 2857
REVERSE FAIL 17 2957
REVERSE FAIL 41 53
REVERSE FAIL 41 97
REVERSE FAIL 41 101
REVERSE FAIL 41 109
REVERSE FAIL 41 137
REVERSE FAIL 41 149
REVERSE FAIL 41 157
REVERSE FAIL 41 181
REVERSE FAIL 41 193
REVERSE FAIL 41 229
REVERSE FAIL 41 233
REVERSE FAIL 41 281
REVERSE FAIL 41 293
REVERSE FAIL 41 317
REVERSE FAIL 41 397
REVERSE FAIL 41 421
REVERSE FAIL 41 457
REVERSE FAIL 41 509
REVERSE FAIL 41 521
REVERSE FAIL 41 577
REVERSE FAIL 41 593
REVERSE FAIL 41 601
REVERSE FAIL 41 641
REVERSE FAIL 41 653
REVERSE FAIL 41 673
REVERSE FAIL 41 709
REVERSE FAIL 41 757
REVERSE FAIL 41 809
REVERSE FAIL 41 929
REVERSE FAIL 41 997
REVERSE FAIL 41 1013
REVERSE FAIL 41 1049
REVERSE FAIL 41 1069
REVERSE FAIL 41 1093
REVERSE FAIL 41 1129
REVERSE FAIL 41 1201
REVERSE FAIL 41 1237
REVERSE FAIL 41 1249
REVERSE FAIL 41 1297
REVERSE FAIL 41 1301
REVERSE FAIL 41 1381
REVERSE FAIL 41 1409
REVERSE FAIL 41 1429
REVERSE FAIL 41 1621
REVERSE FAIL 41 1637
REVERSE FAIL 41 1657
REVERSE FAIL 41 1669
REVERSE FAIL 41 1709
REVERSE FAIL 41 1733
REVERSE FAIL 41 1777
REVERSE FAIL 41 1789
REVERSE FAIL 41 1801
REVERSE FAIL 41 1873
REVERSE FAIL 41 1889
REVERSE FAIL 41 1913
REVERSE FAIL 41 1933
REVERSE FAIL 41 1949
REVERSE FAIL 41 1997
REVERSE FAIL 41 2053
REVERSE FAIL 41 2069
REVERSE FAIL 41 2113
REVERSE FAIL 41 2161
REVERSE FAIL 41 2221
REVERSE FAIL 41 2269
REVERSE FAIL 41 2281
REVERSE FAIL 41 2309
REVERSE FAIL 41 2381
REVERSE FAIL 41 2393
REVERSE FAIL 41 2441
REVERSE FAIL 41 2473
REVERSE FAIL 41 2477
REVERSE FAIL 41 2549
REVERSE FAIL 41 2557
REVERSE FAIL 41 2609
REVERSE FAIL 41 2621
REVERSE FAIL 41 2677
REVERSE FAIL 41 2689
REVERSE FAIL 41 2693
REVERSE FAIL 41 2713
REVERSE FAIL 41 2741
REVERSE FAIL 41 2777
REVERSE FAIL 41 2897
REVERSE FAIL 41 2917
REVERSE FAIL 41 2969
REVERSE FAIL 73 101
REVERSE FAIL 73 113
REVERSE FAIL 73 157
REVERSE FAIL 73 197
REVERSE FAIL 73 229
REVERSE FAIL 73 233
REVERSE FAIL 73 241
REVERSE FAIL 73 277
REVERSE FAIL 73 281
REVERSE FAIL 73 313
REVERSE FAIL 73 337
REVERSE FAIL 73 421
REVERSE FAIL 73 433
REVERSE FAIL 73 449
REVERSE FAIL 73 521
REVERSE FAIL 73 541
REVERSE FAIL 73 569
REVERSE FAIL 73 577
REVERSE FAIL 73 601
REVERSE FAIL 73 613
REVERSE FAIL 73 617
REVERSE FAIL 73 677
REVERSE FAIL 73 701
REVERSE FAIL 73 709
REVERSE FAIL 73 761
REVERSE FAIL 73 769
REVERSE FAIL 73 773
REVERSE FAIL 73 829
REVERSE FAIL 73 881
REVERSE FAIL 73 929
REVERSE FAIL 73 977
REVERSE FAIL 73 1009
REVERSE FAIL 73 1033
REVERSE FAIL 73 1061
REVERSE FAIL 73 1069
REVERSE FAIL 73 1117
REVERSE FAIL 73 1129
REVERSE FAIL 73 1153
REVERSE FAIL 73 1181
REVERSE FAIL 73 1201
REVERSE FAIL 73 1213
REVERSE FAIL 73 1297
REVERSE FAIL 73 1301
REVERSE FAIL 73 1321
REVERSE FAIL 73 1361
REVERSE FAIL 73 1373
REVERSE FAIL 73 1429
REVERSE FAIL 73 1453
REVERSE FAIL 73 1481
REVERSE FAIL 73 1489
REVERSE FAIL 73 1493
REVERSE FAIL 73 1553
REVERSE FAIL 73 1621
REVERSE FAIL 73 1637
REVERSE FAIL 73 1657
REVERSE FAIL 73 1669
REVERSE FAIL 73 1693
REVERSE FAIL 73 1709
REVERSE FAIL 73 1721
REVERSE FAIL 73 1741
REVERSE FAIL 73 1877
REVERSE FAIL 73 1913
REVERSE FAIL 73 1949
REVERSE FAIL 73 1993
REVERSE FAIL 73 1997
REVERSE FAIL 73 2029
REVERSE FAIL 73 2137
REVERSE FAIL 73 2161
REVERSE FAIL 73 2221
REVERSE FAIL 73 2237
REVERSE FAIL 73 2273
REVERSE FAIL 73 2293
REVERSE FAIL 73 2297
REVERSE FAIL 73 2357
REVERSE FAIL 73 2381
REVERSE FAIL 73 2389
REVERSE FAIL 73 2437
REVERSE FAIL 73 2477
REVERSE FAIL 73 2521
REVERSE FAIL 73 2621
REVERSE FAIL 73 2633
REVERSE FAIL 73 2657
REVERSE FAIL 73 2729
REVERSE FAIL 73 2741
REVERSE FAIL 73 2753
REVERSE FAIL 73 2833
REVERSE FAIL 73 2857
REVERSE FAIL 73 2861
REVERSE FAIL 73 2909
REVERSE FAIL 73 2953
REVERSE FAIL 89 101
REVERSE FAIL 89 113
REVERSE FAIL 89 137
REVERSE FAIL 89 181
REVERSE FAIL 89 193
REVERSE FAIL 89 197
REVERSE FAIL 89 229
REVERSE FAIL 89 281
REVERSE FAIL 89 293
REVERSE FAIL 89 313
REVERSE FAIL 89 337
REVERSE FAIL 89 349
REVERSE FAIL 89 353
REVERSE FAIL 89 389
REVERSE FAIL 89 397
REVERSE FAIL 89 421
REVERSE FAIL 89 433
REVERSE FAIL 89 457
REVERSE FAIL 89 521
REVERSE FAIL 89 541
REVERSE FAIL 89 557
REVERSE FAIL 89 569
REVERSE FAIL 89 593
REVERSE FAIL 89 617
REVERSE FAIL 89 653
REVERSE FAIL 89 661
REVERSE FAIL 89 709
REVERSE FAIL 89 773
REVERSE FAIL 89 857
REVERSE FAIL 89 877
REVERSE FAIL 89 941
REVERSE FAIL 89 953
REVERSE FAIL 89 1009
REVERSE FAIL 89 1033
REVERSE FAIL 89 1049
REVERSE FAIL 89 1061
REVERSE FAIL 89 1109
REVERSE FAIL 89 1129
REVERSE FAIL 89 1181
REVERSE FAIL 89 1213
REVERSE FAIL 89 1217
REVERSE FAIL 89 1249
REVERSE FAIL 89 1277
REVERSE FAIL 89 1289
REVERSE FAIL 89 1297
REVERSE FAIL 89 1321
REVERSE FAIL 89 1361
REVERSE FAIL 89 1409
REVERSE FAIL 89 1453
REVERSE FAIL 89 1489
REVERSE FAIL 89 1609
REVERSE FAIL 89 1621
REVERSE FAIL 89 1637
REVERSE FAIL 89 1697
REVERSE FAIL 89 1721
REVERSE FAIL 89 1753
REVERSE FAIL 89 1777
REVERSE FAIL 89 1973
REVERSE FAIL 89 1993
REVERSE FAIL 89 2017
REVERSE FAIL 89 2053
REVERSE FAIL 89 2129
REVERSE FAIL 89 2213
REVERSE FAIL 89 2237
REVERSE FAIL 89 2273
REVERSE FAIL 89 2281
REVERSE FAIL 89 2333
REVERSE FAIL 89 2341
REVERSE FAIL 89 2357
REVERSE FAIL 89 2377
REVERSE FAIL 89 2389
REVERSE FAIL 89 2417
REVERSE FAIL 89 2441
REVERSE FAIL 89 2473
REVERSE FAIL 89 2477
REVERSE FAIL 89 2521
REVERSE FAIL 89 2557
REVERSE FAIL 89 2593
REVERSE FAIL 89 2609
REVERSE FAIL 89 2633
REVERSE FAIL 89 2657
REVERSE FAIL 89 2677
REVERSE FAIL 89 2689
REVERSE FAIL 89 2693
REVERSE FAIL 89 2713
REVERSE FAIL 89 2729
REVERSE FAIL 89 2753
REVERSE FAIL 89 2789
REVERSE FAIL 89 2797
REVERSE FAIL 89 2833
REVERSE FAIL 89 2861
REVERSE FAIL 89 2909
REVERSE FAIL 97 101
REVERSE FAIL 97 109
REVERSE FAIL 97 193
REVERSE FAIL 97 197
REVERSE FAIL 97 229
REVERSE FAIL 97 241
REVERSE FAIL 97 269
REVERSE FAIL 97 293
REVERSE FAIL 97 313
REVERSE FAIL 97 353
REVERSE FAIL 97 389
REVERSE FAIL 97 421
REVERSE FAIL 97 449
REVERSE FAIL 97 461
REVERSE FAIL 97 521
REVERSE FAIL 97 557
REVERSE FAIL 97 613
REVERSE FAIL 97 617
REVERSE FAIL 97 661
REVERSE FAIL 97 673
REVERSE FAIL 97 677
REVERSE FAIL 97 701
REVERSE FAIL 97 733
REVERSE FAIL 97 773
REVERSE FAIL 97 809
REVERSE FAIL 97 829
REVERSE FAIL 97 857
REVERSE FAIL 97 877
REVERSE FAIL 97 881
REVERSE FAIL 97 937
REVERSE FAIL 97 997
REVERSE FAIL 97 1013
REVERSE FAIL 97 1061
REVERSE FAIL 97 1069
REVERSE FAIL 97 1117
REVERSE FAIL 97 1129
REVERSE FAIL 97 1153
REVERSE FAIL 97 1213
REVERSE FAIL 97 1217
REVERSE FAIL 97 1229
REVERSE FAIL 97 1237
REVERSE FAIL 97 1249
REVERSE FAIL 97 1277
REVERSE FAIL 97 1297
REVERSE FAIL 97 1433
REVERSE FAIL 97 1453
REVERSE FAIL 97 1549
REVERSE FAIL 97 1553
REVERSE FAIL 97 1601
REVERSE FAIL 97 1613
REVERSE FAIL 97 1637
REVERSE FAIL 97 1657
REVERSE FAIL 97 1693
REVERSE FAIL 97 1697
REVERSE FAIL 97 1721
REVERSE FAIL 97 1777
REVERSE FAIL 97 1789
REVERSE FAIL 97 1861
REVERSE FAIL 97 1913
REVERSE FAIL 97 1949
REVERSE FAIL 97 1973
REVERSE FAIL 97 1993
REVERSE FAIL 97 2029
REVERSE FAIL 97 2053
REVERSE FAIL 97 2069
REVERSE FAIL 97 2081
REVERSE FAIL 97 2137
REVERSE FAIL 97 2161
REVERSE FAIL 97 2213
REVERSE FAIL 97 2281
REVERSE FAIL 97 2293
REVERSE FAIL 97 2377
REVERSE FAIL 97 2381
REVERSE FAIL 97 2389
REVERSE FAIL 97 2393
REVERSE FAIL 97 2417
REVERSE FAIL 97 2437
REVERSE FAIL 97 2441
REVERSE FAIL 97 2473
REVERSE FAIL 97 2521
REVERSE FAIL 97 2549
REVERSE FAIL 97 2557
REVERSE FAIL 97 2617
REVERSE FAIL 97 2621
REVERSE FAIL 97 2689
REVERSE FAIL 97 2741
REVERSE FAIL 97 2749
REVERSE FAIL 97 2777
REVERSE FAIL 97 2789
REVERSE FAIL 97 2797
REVERSE FAIL 97 2801
REVERSE FAIL 97 2837
REVERSE FAIL 97 2861
REVERSE FAIL 97 2953
REVERSE FAIL 97 2957
REVERSE FAIL 113 149
REVERSE FAIL 113 157
REVERSE FAIL 113 233
REVERSE FAIL 113 241
REVERSE FAIL 113 257
REVERSE FAIL 113 277
REVERSE FAIL 113 313
REVERSE FAIL 113 317
REVERSE FAIL 113 353
REVERSE FAIL 113 389
REVERSE FAIL 113 401
REVERSE FAIL 113 421
REVERSE FAIL 113 461
REVERSE FAIL 113 509
REVERSE FAIL 113 521
REVERSE FAIL 113 557
REVERSE FAIL 113 569
REVERSE FAIL 113 593
REVERSE FAIL 113 617
REVERSE FAIL 113 653
REVERSE FAIL 113 677
REVERSE FAIL 113 709
REVERSE FAIL 113 761
REVERSE FAIL 113 769
REVERSE FAIL 113 773
REVERSE FAIL 113 809
REVERSE FAIL 113 821
REVERSE FAIL 113 853
REVERSE FAIL 113 1009
REVERSE FAIL 113 1013
REVERSE FAIL 113 1021
REVERSE FAIL 113 1033
REVERSE FAIL 113 1049
REVERSE FAIL 113 1061
REVERSE FAIL 113 1069
REVERSE FAIL 113 1117
REVERSE FAIL 113 1129
REVERSE FAIL 113 1193
REVERSE FAIL 113 1213
REVERSE FAIL 113 1217
REVERSE FAIL 113 1229
REVERSE FAIL 113 1381
REVERSE FAIL 113 1409
REVERSE FAIL 113 1433
REVERSE FAIL 113 1453
REVERSE FAIL 113 1597
REVERSE FAIL 113 1613
REVERSE FAIL 113 1669
REVERSE FAIL 113 1693
REVERSE FAIL 113 1697
REVERSE FAIL 113 1709
REVERSE FAIL 113 1721
REVERSE FAIL 113 1777
REVERSE FAIL 113 1801
REVERSE FAIL 113 1877
REVERSE FAIL 113 1889
REVERSE FAIL 113 1913
REVERSE FAIL 113 1949
REVERSE FAIL 113 1973
REVERSE FAIL 113 1993
REVERSE FAIL 113 2129
REVERSE FAIL 113 2161
REVERSE FAIL 113 2269
REVERSE FAIL 113 2273
REVERSE FAIL 113 2309
REVERSE FAIL 113 2341
REVERSE FAIL 113 2357
REVERSE FAIL 113 2377
REVERSE FAIL 113 2381
REVERSE FAIL 113 2389
REVERSE FAIL 113 2417
REVERSE FAIL 113 2437
REVERSE FAIL 113 2473
REVERSE FAIL 113 2549
REVERSE FAIL 113 2617
REVERSE FAIL 113 2621
REVERSE FAIL 113 2713
REVERSE FAIL 113 2753
REVERSE FAIL 113 2789
REVERSE FAIL 113 2797
REVERSE FAIL 113 2833
REVERSE FAIL 113 2857
REVERSE FAIL 113 2861
REVERSE FAIL 113 2897
REVERSE FAIL 113 2953
REVERSE FAIL 113 2969
REVERSE FAIL 137 149
REVERSE FAIL 137 157
REVERSE FAIL 137 229
REVERSE FAIL 137 233
REVERSE FAIL 137 241
REVERSE FAIL 137 269
REVERSE FAIL 137 317
REVERSE FAIL 137 349
REVERSE FAIL 137 353
REVERSE FAIL 137 401
REVERSE FAIL 137 421
REVERSE FAIL 137 457
REVERSE FAIL 137 521
REVERSE FAIL 137 569
REVERSE FAIL 137 577
REVERSE FAIL 137 593
REVERSE FAIL 137 601
REVERSE FAIL 137 661
REVERSE FAIL 137 673
REVERSE FAIL 137 709
REVERSE FAIL 137 733
REVERSE FAIL 137 769
REVERSE FAIL 137 809
REVERSE FAIL 137 853
REVERSE FAIL 137 857
REVERSE FAIL 137 877
REVERSE FAIL 137 953
REVERSE FAIL 137 1013
REVERSE FAIL 137 1021
REVERSE FAIL 137 1049
REVERSE FAIL 137 1061
REVERSE FAIL 137 1069
REVERSE FAIL 137 1093
REVERSE FAIL 137 1117
REVERSE FAIL 137 1129
REVERSE FAIL 137 1153
REVERSE FAIL 137 1181
REVERSE FAIL 137 1193
REVERSE FAIL 137 1213
REVERSE FAIL 137 1373
REVERSE FAIL 137 1453
REVERSE FAIL 137 1481
REVERSE FAIL 137 1549
REVERSE FAIL 137 1553
REVERSE FAIL 137 1597
REVERSE FAIL 137 1601
REVERSE FAIL 137 1609
REVERSE FAIL 137 1613
REVERSE FAIL 137 1621
REVERSE FAIL 137 1657
REVERSE FAIL 137 1697
REVERSE FAIL 137 1741
REVERSE FAIL 137 1861
REVERSE FAIL 137 1873
REVERSE FAIL 137 1877
REVERSE FAIL 137 1889
REVERSE FAIL 137 1913
REVERSE FAIL 137 1949
REVERSE FAIL 137 1973
REVERSE FAIL 137 1993
REVERSE FAIL 137 1997
REVERSE FAIL 137 2029
REVERSE FAIL 137 2081
REVERSE FAIL 137 2113
REVERSE FAIL 137 2137
REVERSE FAIL 137 2141
REVERSE FAIL 137 2161
REVERSE FAIL 137 2213
REVERSE FAIL 137 2221
REVERSE FAIL 137 2237
REVERSE FAIL 137 2281
REVERSE FAIL 137 2309
REVERSE FAIL 137 2341
REVERSE FAIL 137 2377
REVERSE FAIL 137 2381
REVERSE FAIL 137 2437
REVERSE FAIL 137 2521
REVERSE FAIL 137 2557
REVERSE FAIL 137 2593
REVERSE FAIL 137 2609
REVERSE FAIL 137 2657
REVERSE FAIL 137 2693
REVERSE FAIL 137 2713
REVERSE FAIL 137 2753
REVERSE FAIL 137 2797
REVERSE FAIL 137 2837
REVERSE FAIL 137 2857
REVERSE FAIL 137 2897
REVERSE FAIL 137 2917
REVERSE FAIL 137 2957
REVERSE FAIL 137 2969
REVERSE FAIL 193 197
REVERSE FAIL 193 229
REVERSE FAIL 193 241
REVERSE FAIL 193 257
REVERSE FAIL 193 277
REVERSE FAIL 193 293
REVERSE FAIL 193 317
REVERSE FAIL 193 337
REVERSE FAIL 193 389
REVERSE FAIL 193 409
REVERSE FAIL 193 449
REVERSE FAIL 193 461
REVERSE FAIL 193 577
REVERSE FAIL 193 593
REVERSE FAIL 193 641
REVERSE FAIL 193 677
REVERSE FAIL 193 709
REVERSE FAIL 193 769
REVERSE FAIL 193 773
REVERSE FAIL 193 797
REVERSE FAIL 193 821
REVERSE FAIL 193 853
REVERSE FAIL 193 857
REVERSE FAIL 193 881
REVERSE FAIL 193 929
REVERSE FAIL 193 937
REVERSE FAIL 193 941
REVERSE FAIL 193 953
REVERSE FAIL 193 977
REVERSE FAIL 193 997
REVERSE FAIL 193 1013
REVERSE FAIL 193 1021
REVERSE FAIL 193 1049
REVERSE FAIL 193 1061
REVERSE FAIL 193 1093
REVERSE FAIL 193 1109
REVERSE FAIL 193 1181
REVERSE FAIL 193 1201
REVERSE FAIL 193 1213
REVERSE FAIL 193 1217
REVERSE FAIL 193 1289
REVERSE FAIL 193 1297
REVERSE FAIL 193 1481
REVERSE FAIL 193 1489
REVERSE FAIL 193 1553
REVERSE FAIL 193 1613
REVERSE FAIL 193 1637
REVERSE FAIL 193 1709
REVERSE FAIL 193 1721
REVERSE FAIL 193 1733
REVERSE FAIL 193 1741
REVERSE FAIL 193 1753
REVERSE FAIL 193 1801
REVERSE FAIL 193 1861
REVERSE FAIL 193 1933
REVERSE FAIL 193 1973
REVERSE FAIL 193 1993
REVERSE FAIL 193 1997
REVERSE FAIL 193 2069
REVERSE FAIL 193 2081
REVERSE FAIL 193 2129
REVERSE FAIL 193 2137
REVERSE FAIL 193 2141
REVERSE FAIL 193 2221
REVERSE FAIL 193 2273
REVERSE FAIL 193 2293
REVERSE FAIL 193 2309
REVERSE FAIL 193 2341
REVERSE FAIL 193 2381
REVERSE FAIL 193 2417
REVERSE FAIL 193 2437
REVERSE FAIL 193 2473
REVERSE FAIL 193 2477
REVERSE FAIL 193 2521
REVERSE FAIL 193 2557
REVERSE FAIL 193 2593
REVERSE FAIL 193 2609
REVERSE FAIL 193 2617
REVERSE FAIL 193 2621
REVERSE FAIL 193 2633
REVERSE FAIL 193 2677
REVERSE FAIL 193 2693
REVERSE FAIL 193 2729
REVERSE FAIL 193 2777
REVERSE FAIL 193 2797
REVERSE FAIL 193 2833
REVERSE FAIL 193 2897
REVERSE FAIL 193 2909
REVERSE FAIL 193 2957
REVERSE FAIL 233 257
REVERSE FAIL 233 277
REVERSE FAIL 233 281
REVERSE FAIL 233 313
REVERSE FAIL 233 373
REVERSE FAIL 233 389
REVERSE FAIL 233 397
REVERSE FAIL 233 401
REVERSE FAIL 233 409
REVERSE FAIL 233 421
REVERSE FAIL 233 449
REVERSE FAIL 233 461
REVERSE FAIL 233 509
REVERSE FAIL 233 541
REVERSE FAIL 233 569
REVERSE FAIL 233 577
REVERSE FAIL 233 593
REVERSE FAIL 233 613
REVERSE FAIL 233 617
REVERSE FAIL 233 677
REVERSE FAIL 233 709
REVERSE FAIL 233 733
REVERSE FAIL 233 769
REVERSE FAIL 233 821
REVERSE FAIL 233 829
REVERSE FAIL 233 853
REVERSE FAIL 233 857
REVERSE FAIL 233 929
REVERSE FAIL 233 937
REVERSE FAIL 233 953
REVERSE FAIL 233 977
REVERSE FAIL 233 997
REVERSE FAIL 233 1009
REVERSE FAIL 233 1069
REVERSE FAIL 233 1097
REVERSE FAIL 233 1117
REVERSE FAIL 233 1153
REVERSE FAIL 233 1213
REVERSE FAIL 233 1249
REVERSE FAIL 233 1301
REVERSE FAIL 233 1381
REVERSE FAIL 233 1409
REVERSE FAIL 233 1433
REVERSE FAIL 233 1481
REVERSE FAIL 233 1493
REVERSE FAIL 233 1549
REVERSE FAIL 233 1553
REVERSE FAIL 233 1597
REVERSE FAIL 233 1609
REVERSE FAIL 233 1621
REVERSE FAIL 233 1637
REVERSE FAIL 233 1709
REVERSE FAIL 233 1721
REVERSE FAIL 233 1753
REVERSE FAIL 233 1777
REVERSE FAIL 233 1789
REVERSE FAIL 233 1861
REVERSE FAIL 233 1933
REVERSE FAIL 233 2017
REVERSE FAIL 233 2029
REVERSE FAIL 233 2053
REVERSE FAIL 233 2137
REVERSE FAIL 233 2237
REVERSE FAIL 233 2269
REVERSE FAIL 233 2273
REVERSE FAIL 233 2309
REVERSE FAIL 233 2333
REVERSE FAIL 233 2341
REVERSE FAIL 233 2357
REVERSE FAIL 233 2377
REVERSE FAIL 233 2389
REVERSE FAIL 233 2417
REVERSE FAIL 233 2441
REVERSE FAIL 233 2473
REVERSE FAIL 233 2477
REVERSE FAIL 233 2521
REVERSE FAIL 233 2557
REVERSE FAIL 233 2617
REVERSE FAIL 233 2633
REVERSE FAIL 233 2657
REVERSE FAIL 233 2677
REVERSE FAIL 233 2693
REVERSE FAIL 233 2713
REVERSE FAIL 233 2729
REVERSE FAIL 233 2753
REVERSE FAIL 233 2837
REVERSE FAIL 233 2857
REVERSE FAIL 233 2861
REVERSE FAIL 241 257
REVERSE FAIL 241 277
REVERSE FAIL 241 281
REVERSE FAIL 241 313
REVERSE FAIL 241 337
REVERSE FAIL 241 349
REVERSE FAIL 241 401
REVERSE FAIL 241 421
REVERSE FAIL 241 433
REVERSE FAIL 241 457
REVERSE FAIL 241 509
REVERSE FAIL 241 541
REVERSE FAIL 241 557
REVERSE FAIL 241 569
REVERSE FAIL 241 601
REVERSE FAIL 241 617
REVERSE FAIL 241 641
REVERSE FAIL 241 673
REVERSE FAIL 241 733
REVERSE FAIL 241 773
REVERSE FAIL 241 821
REVERSE FAIL 241 829
REVERSE FAIL 241 857
REVERSE FAIL 241 877
REVERSE FAIL 241 881
REVERSE FAIL 241 937
REVERSE FAIL 241 1009
REVERSE FAIL 241 1013
REVERSE FAIL 241 1097
REVERSE FAIL 241 1109
REVERSE FAIL 241 1181
REVERSE FAIL 241 1201
REVERSE FAIL 241 1213
REVERSE FAIL 241 1217
REVERSE FAIL 241 1229
REVERSE FAIL 241 1277
REVERSE FAIL 241 1301
REVERSE FAIL 241 1321
REVERSE FAIL 241 1493
REVERSE FAIL 241 1553
REVERSE FAIL 241 1597
REVERSE FAIL 241 1637
REVERSE FAIL 241 1657
REVERSE FAIL 241 1669
REVERSE FAIL 241 1693
REVERSE FAIL 241 1697
REVERSE FAIL 241 1741
REVERSE FAIL 241 1777
REVERSE FAIL 241 1861
REVERSE FAIL 241 1901
REVERSE FAIL 241 1913
REVERSE FAIL 241 1933
REVERSE FAIL 241 1973
REVERSE FAIL 241 2053
REVERSE FAIL 241 2069
REVERSE FAIL 241 2089
REVERSE FAIL 241 2129
REVERSE FAIL 241 2137
REVERSE FAIL 241 2153
REVERSE FAIL 241 2161
REVERSE FAIL 241 2269
REVERSE FAIL 241 2297
REVERSE FAIL 241 2333
REVERSE FAIL 241 2357
REVERSE FAIL 241 2381
REVERSE FAIL 241 2437
REVERSE FAIL 241 2477
REVERSE FAIL 241 2557
REVERSE FAIL 241 2593
REVERSE FAIL 241 2621
REVERSE FAIL 241 2633
REVERSE FAIL 241 2657
REVERSE FAIL 241 2741
REVERSE FAIL 241 2749
REVERSE FAIL 241 2801
REVERSE FAIL 241 2833
REVERSE FAIL 241 2897
REVERSE FAIL 241 2917
REVERSE FAIL 241 2953
REVERSE FAIL 241 2969
REVERSE FAIL 257 293
REVERSE FAIL 257 317
REVERSE FAIL 257 349
REVERSE FAIL 257 373
REVERSE FAIL 257 397
REVERSE FAIL 257 401
REVERSE FAIL 257 433
REVERSE FAIL 257 593
REVERSE FAIL 257 613
REVERSE FAIL 257 673
REVERSE FAIL 257 701
REVERSE FAIL 257 709
REVERSE FAIL 257 769
REVERSE FAIL 257 773
REVERSE FAIL 257 797
REVERSE FAIL 257 821
REVERSE FAIL 257 829
REVERSE FAIL 257 929
REVERSE FAIL 257 997
REVERSE FAIL 257 1013
REVERSE FAIL 257 1049
REVERSE FAIL 257 1109
REVERSE FAIL 257 1117
REVERSE FAIL 257 1181
REVERSE FAIL 257 1193
REVERSE FAIL 257 1201
REVERSE FAIL 257 1213
REVERSE FAIL 257 1217
REVERSE FAIL 257 1249
REVERSE FAIL 257 1277
REVERSE FAIL 257 1289
REVERSE FAIL 257 1301
REVERSE FAIL 257 1321
REVERSE FAIL 257 1373
REVERSE FAIL 257 1409
REVERSE FAIL 257 1429
REVERSE FAIL 257 1453
REVERSE FAIL 257 1481
REVERSE FAIL 257 1493
REVERSE FAIL 257 1553
REVERSE FAIL 257 1601
REVERSE FAIL 257 1609
REVERSE FAIL 257 1621
REVERSE FAIL 257 1637
REVERSE FAIL 257 1753
REVERSE FAIL 257 1777
REVERSE FAIL 257 1801
REVERSE FAIL 257 1913
REVERSE FAIL 257 1933
REVERSE FAIL 257 1997
REVERSE FAIL 257 2069
REVERSE FAIL 257 2081
REVERSE FAIL 257 2113
REVERSE FAIL 257 2129
REVERSE FAIL 257 2137
REVERSE FAIL 257 2213
REVERSE FAIL 257 2221
REVERSE FAIL 257 2269
REVERSE FAIL 257 2281
REVERSE FAIL 257 2297
REVERSE FAIL 257 2309
REVERSE FAIL 257 2357
REVERSE FAIL 257 2377
REVERSE FAIL 257 2381
REVERSE FAIL 257 2417
REVERSE FAIL 257 2437
REVERSE FAIL 257 2441
REVERSE FAIL 257 2521
REVERSE FAIL 257 2549
REVERSE FAIL 257 2593
REVERSE FAIL 257 2693
REVERSE FAIL 257 2713
REVERSE FAIL 257 2729
REVERSE FAIL 257 2777
REVERSE FAIL 257 2797
REVERSE FAIL 257 2801
REVERSE FAIL 257 2857
REVERSE FAIL 257 2861
REVERSE FAIL 257 2897
REVERSE FAIL 281 293
REVERSE FAIL 281 373
REVERSE FAIL 281 389
REVERSE FAIL 281 401
REVERSE FAIL 281 433
REVERSE FAIL 281 449
REVERSE FAIL 281 457
REVERSE FAIL 281 521
REVERSE FAIL 281 541
REVERSE FAIL 281 577
REVERSE FAIL 281 613
REVERSE FAIL 281 617
REVERSE FAIL 281 653
REVERSE FAIL 281 661
REVERSE FAIL 281 677
REVERSE FAIL 281 701
REVERSE FAIL 281 709
REVERSE FAIL 281 733
REVERSE FAIL 281 761
REVERSE FAIL 281 769
REVERSE FAIL 281 797
REVERSE FAIL 281 821
REVERSE FAIL 281 881
REVERSE FAIL 281 937
REVERSE FAIL 281 953
REVERSE FAIL 281 977
REVERSE FAIL 281 997
REVERSE FAIL 281 1021
REVERSE FAIL 281 1033
REVERSE FAIL 281 1049
REVERSE FAIL 281 1069
REVERSE FAIL 281 1097
REVERSE FAIL 281 1109
REVERSE FAIL 281 1201
REVERSE FAIL 281 1213
REVERSE FAIL 281 1217
REVERSE FAIL 281 1229
REVERSE FAIL 281 1237
REVERSE FAIL 281 1297
REVERSE FAIL 281 1301
REVERSE FAIL 281 1321
REVERSE FAIL 281 1361
REVERSE FAIL 281 1381
REVERSE FAIL 281 1429
REVERSE FAIL 281 1453
REVERSE FAIL 281 1481
REVERSE FAIL 281 1489
REVERSE FAIL 281 1493
REVERSE FAIL 281 1597
REVERSE FAIL 281 1609
REVERSE FAIL 281 1613
REVERSE FAIL 281 1621
REVERSE FAIL 281 1697
REVERSE FAIL 281 1709
REVERSE FAIL 281 1733
REVERSE FAIL 281 1741
REVERSE FAIL 281 1753
REVERSE FAIL 281 1777
REVERSE FAIL 281 1789
REVERSE FAIL 281 1801
REVERSE FAIL 281 1873
REVERSE FAIL 281 1913
REVERSE FAIL 281 1973
REVERSE FAIL 281 1993
REVERSE FAIL 281 1997
REVERSE FAIL 281 2069
REVERSE FAIL 281 2089
REVERSE FAIL 281 2113
REVERSE FAIL 281 2141
REVERSE FAIL 281 2153
REVERSE FAIL 281 2161
REVERSE FAIL 281 2221
REVERSE FAIL 281 2237
REVERSE FAIL 281 2269
REVERSE FAIL 281 2309
REVERSE FAIL 281 2341
REVERSE FAIL 281 2377
REVERSE FAIL 281 2381
REVERSE FAIL 281 2437
REVERSE FAIL 281 2441
REVERSE FAIL 281 2477
REVERSE FAIL 281 2617
REVERSE FAIL 281 2621
REVERSE FAIL 281 2633
REVERSE FAIL 281 2677
REVERSE FAIL 281 2693
REVERSE FAIL 281 2713
REVERSE FAIL 281 2749
REVERSE FAIL 281 2789
REVERSE FAIL 281 2797
REVERSE FAIL 281 2833
REVERSE FAIL 281 2837
REVERSE FAIL 281 2857
REVERSE FAIL 281 2861
REVERSE FAIL 281 2897
REVERSE FAIL 281 2909
REVERSE FAIL 281 2917
REVERSE FAIL 281 2957
REVERSE FAIL 281 2969
REVERSE FAIL 313 353
REVERSE FAIL 313 373
REVERSE FAIL 313 397
REVERSE FAIL 313 433
REVERSE FAIL 313 449
REVERSE FAIL 313 461
REVERSE FAIL 313 557
REVERSE FAIL 313 641
REVERSE FAIL 313 673
REVERSE FAIL 313 677
REVERSE FAIL 313 757
REVERSE FAIL 313 761
REVERSE FAIL 313 809
REVERSE FAIL 313 821
REVERSE FAIL 313 829
REVERSE FAIL 313 853
REVERSE FAIL 313 857
REVERSE FAIL 313 877
REVERSE FAIL 313 929
REVERSE FAIL 313 953
REVERSE FAIL 313 1013
REVERSE FAIL 313 1021
REVERSE FAIL 313 1033
REVERSE FAIL 313 1049
REVERSE FAIL 313 1061
REVERSE FAIL 313 1069
REVERSE FAIL 313 1093
REVERSE FAIL 313 1117
REVERSE FAIL 313 1129
REVERSE FAIL 313 1193
REVERSE FAIL 313 1201
REVERSE FAIL 313 1229
REVERSE FAIL 313 1237
REVERSE FAIL 313 1289
REVERSE FAIL 313 1297
REVERSE FAIL 313 1321
REVERSE FAIL 313 1361
REVERSE FAIL 313 1381
REVERSE FAIL 313 1429
REVERSE FAIL 313 1453
REVERSE FAIL 313 1481
REVERSE FAIL 313 1621
REVERSE FAIL 313 1657
REVERSE FAIL 313 1733
REVERSE FAIL 313 1753
REVERSE FAIL 313 1777
REVERSE FAIL 313 1789
REVERSE FAIL 313 1801
REVERSE FAIL 313 1861
REVERSE FAIL 313 1873
REVERSE FAIL 313 1901
REVERSE FAIL 313 1933
REVERSE FAIL 313 1973
REVERSE FAIL 313 2053
REVERSE FAIL 313 2069
REVERSE FAIL 313 2081
REVERSE FAIL 313 2089
REVERSE FAIL 313 2129
REVERSE FAIL 313 2161
REVERSE FAIL 313 2221
REVERSE FAIL 313 2237
REVERSE FAIL 313 2273
REVERSE FAIL 313 2281
REVERSE FAIL 313 2293
REVERSE FAIL 313 2297
REVERSE FAIL 313 2309
REVERSE FAIL 313 2377
REVERSE FAIL 313 2381
REVERSE FAIL 313 2393
REVERSE FAIL 313 2437
REVERSE FAIL 313 2441
REVERSE FAIL 313 2473
REVERSE FAIL 313 2521
REVERSE FAIL 313 2549
REVERSE FAIL 313 2557
REVERSE FAIL 313 2593
REVERSE FAIL 313 2633
REVERSE FAIL 313 2657
REVERSE FAIL 313 2693
REVERSE FAIL 313 2749
REVERSE FAIL 313 2777
REVERSE FAIL 313 2789
REVERSE FAIL 313 2797
REVERSE FAIL 313 2837
REVERSE FAIL 313 2857
REVERSE FAIL 313 2897
REVERSE FAIL 313 2909
REVERSE FAIL 313 2953
REVERSE FAIL 337 349
REVERSE FAIL 337 353
REVERSE FAIL 337 373
REVERSE FAIL 337 389
REVERSE FAIL 337 401
REVERSE FAIL 337 409
REVERSE FAIL 337 421
REVERSE FAIL 337 433
REVERSE FAIL 337 449
REVERSE FAIL 337 509
REVERSE FAIL 337 557
REVERSE FAIL 337 593
REVERSE FAIL 337 653
REVERSE FAIL 337 661
REVERSE FAIL 337 673
REVERSE FAIL 337 677
REVERSE FAIL 337 701
REVERSE FAIL 337 769
REVERSE FAIL 337 797
REVERSE FAIL 337 821
REVERSE FAIL 337 829
REVERSE FAIL 337 853
REVERSE FAIL 337 929
REVERSE FAIL 337 937
REVERSE FAIL 337 997
REVERSE FAIL 337 1009
REVERSE FAIL 337 1013
REVERSE FAIL 337 1061
REVERSE FAIL 337 1093
REVERSE FAIL 337 1097
REVERSE FAIL 337 1109
REVERSE FAIL 337 1181
REVERSE FAIL 337 1193
REVERSE FAIL 337 1201
REVERSE FAIL 337 1217
REVERSE FAIL 337 1237
REVERSE FAIL 337 1301
REVERSE FAIL 337 1321
REVERSE FAIL 337 1361
REVERSE FAIL 337 1373
REVERSE FAIL 337 1429
REVERSE FAIL 337 1433
REVERSE FAIL 337 1489
REVERSE FAIL 337 1493
REVERSE FAIL 337 1601
REVERSE FAIL 337 1613
REVERSE FAIL 337 1621
REVERSE FAIL 337 1637
REVERSE FAIL 337 1657
REVERSE FAIL 337 1693
REVERSE FAIL 337 1697
REVERSE FAIL 337 1709
REVERSE FAIL 337 1733
REVERSE FAIL 337 1741
REVERSE FAIL 337 1789
REVERSE FAIL 337 1873
REVERSE FAIL 337 1901
REVERSE FAIL 337 1973
REVERSE FAIL 337 1997
REVERSE FAIL 337 2029
REVERSE FAIL 337 2069
REVERSE FAIL 337 2113
REVERSE FAIL 337 2129
REVERSE FAIL 337 2137
REVERSE FAIL 337 2153
REVERSE FAIL 337 2273
REVERSE FAIL 337 2281
REVERSE FAIL 337 2309
REVERSE FAIL 337 2333
REVERSE FAIL 337 2341
REVERSE FAIL 337 2357
REVERSE FAIL 337 2377
REVERSE FAIL 337 2437
REVERSE FAIL 337 2441
REVERSE FAIL 337 2521
REVERSE FAIL 337 2549
REVERSE FAIL 337 2593
REVERSE FAIL 337 2617
REVERSE FAIL 337 2621
REVERSE FAIL 337 2633
REVERSE FAIL 337 2657
REVERSE FAIL 337 2689
REVERSE FAIL 337 2693
REVERSE FAIL 337 2777
REVERSE FAIL 337 2833
REVERSE FAIL 337 2837
REVERSE FAIL 337 2861
REVERSE FAIL 337 2969
REVERSE FAIL 353 389
REVERSE FAIL 353 397
REVERSE FAIL 353 421
REVERSE FAIL 353 509
REVERSE FAIL 353 521
REVERSE FAIL 353 541
REVERSE FAIL 353 593
REVERSE FAIL 353 613
REVERSE FAIL 353 641
REVERSE FAIL 353 677
REVERSE FAIL 353 797
REVERSE FAIL 353 877
REVERSE FAIL 353 929
REVERSE FAIL 353 937
REVERSE FAIL 353 977
REVERSE FAIL 353 1009
REVERSE FAIL 353 1013
REVERSE FAIL 353 1021
REVERSE FAIL 353 1061
REVERSE FAIL 353 1093
REVERSE FAIL 353 1097
REVERSE FAIL 353 1109
REVERSE FAIL 353 1117
REVERSE FAIL 353 1129
REVERSE FAIL 353 1153
REVERSE FAIL 353 1181
REVERSE FAIL 353 1277
REVERSE FAIL 353 1301
REVERSE FAIL 353 1321
REVERSE FAIL 353 1373
REVERSE FAIL 353 1429
REVERSE FAIL 353 1433
REVERSE FAIL 353 1453
REVERSE FAIL 353 1493
REVERSE FAIL 353 1597
REVERSE FAIL 353 1601
REVERSE FAIL 353 1609
REVERSE FAIL 353 1613
REVERSE FAIL 353 1621
REVERSE FAIL 353 1637
REVERSE FAIL 353 1693
REVERSE FAIL 353 1697
REVERSE FAIL 353 1721
REVERSE FAIL 353 1733
REVERSE FAIL 353 1801
REVERSE FAIL 353 1901
REVERSE FAIL 353 1933
REVERSE FAIL 353 1949
REVERSE FAIL 353 1997
REVERSE FAIL 353 2053
REVERSE FAIL 353 2069
REVERSE FAIL 353 2089
REVERSE FAIL 353 2129
REVERSE FAIL 353 2137
REVERSE FAIL 353 2141
REVERSE FAIL 353 2153
REVERSE FAIL 353 2161
REVERSE FAIL 353 2273
REVERSE FAIL 353 2309
REVERSE FAIL 353 2341
REVERSE FAIL 353 2389
REVERSE FAIL 353 2393
REVERSE FAIL 353 2437
REVERSE FAIL 353 2441
REVERSE FAIL 353 2473
REVERSE FAIL 353 2521
REVERSE FAIL 353 2549
REVERSE FAIL 353 2557
REVERSE FAIL 353 2593
REVERSE FAIL 353 2617
REVERSE FAIL 353 2633
REVERSE FAIL 353 2657
REVERSE FAIL 353 2689
REVERSE FAIL 353 2693
REVERSE FAIL 353 2713
REVERSE FAIL 353 2741
REVERSE FAIL 353 2777
REVERSE FAIL 353 2789
REVERSE FAIL 353 2801
REVERSE FAIL 353 2833
REVERSE FAIL 353 2897
REVERSE FAIL 353 2917
REVERSE FAIL 401 409
REVERSE FAIL 401 421
REVERSE FAIL 401 433
REVERSE FAIL 401 457
REVERSE FAIL 401 541
REVERSE FAIL 401 557
REVERSE FAIL 401 577
REVERSE FAIL 401 601
REVERSE FAIL 401 653
REVERSE FAIL 401 677
REVERSE FAIL 401 733
REVERSE FAIL 401 757
REVERSE FAIL 401 761
REVERSE FAIL 401 773
REVERSE FAIL 401 797
REVERSE FAIL 401 809
REVERSE FAIL 401 853
REVERSE FAIL 401 857
REVERSE FAIL 401 953
REVERSE FAIL 401 977
REVERSE FAIL 401 997
REVERSE FAIL 401 1049
REVERSE FAIL 401 1093
REVERSE FAIL 401 1109
REVERSE FAIL 401 1117
REVERSE FAIL 401 1153
REVERSE FAIL 401 1181
REVERSE FAIL 401 1193
REVERSE FAIL 401 1201
REVERSE FAIL 401 1213
REVERSE FAIL 401 1217
REVERSE FAIL 401 1289
REVERSE FAIL 401 1297
REVERSE FAIL 401 1301
REVERSE FAIL 401 1381
REVERSE FAIL 401 1409
REVERSE FAIL 401 1429
REVERSE FAIL 401 1453
REVERSE FAIL 401 1493
REVERSE FAIL 401 1549
REVERSE FAIL 401 1553
REVERSE FAIL 401 1597
REVERSE FAIL 401 1609
REVERSE FAIL 401 1613
REVERSE FAIL 401 1693
REVERSE FAIL 401 1697
REVERSE FAIL 401 1753
REVERSE FAIL 401 1777
REVERSE FAIL 401 1801
REVERSE FAIL 401 1861
REVERSE FAIL 401 1877
REVERSE FAIL 401 1889
REVERSE FAIL 401 1933
REVERSE FAIL 401 1949
REVERSE FAIL 401 1973
REVERSE FAIL 401 1997
REVERSE FAIL 401 2069
REVERSE FAIL 401 2161
REVERSE FAIL 401 2237
REVERSE FAIL 401 2281
REVERSE FAIL 401 2293
REVERSE FAIL 401 2297
REVERSE FAIL 401 2333
REVERSE FAIL 401 2357
REVERSE FAIL 401 2377
REVERSE FAIL 401 2381
REVERSE FAIL 401 2417
REVERSE FAIL 401 2441
REVERSE FAIL 401 2557
REVERSE FAIL 401 2609
REVERSE FAIL 401 2621
REVERSE FAIL 401 2693
REVERSE FAIL 401 2713
REVERSE FAIL 401 2729
REVERSE FAIL 401 2749
REVERSE FAIL 401 2789
REVERSE FAIL 401 2797
REVERSE FAIL 401 2857
REVERSE FAIL 401 2897
REVERSE FAIL 401 2909
REVERSE FAIL 401 2953
REVERSE FAIL 401 2969
REVERSE FAIL 409 461
REVERSE FAIL 409 521
REVERSE FAIL 409 541
REVERSE FAIL 409 557
REVERSE FAIL 409 577
REVERSE FAIL 409 617
REVERSE FAIL 409 653
REVERSE FAIL 409 661
REVERSE FAIL 409 673
REVERSE FAIL 409 677
REVERSE FAIL 409 701
REVERSE FAIL 409 757
REVERSE FAIL 409 761
REVERSE FAIL 409 797
REVERSE FAIL 409 829
REVERSE FAIL 409 853
REVERSE FAIL 409 857
REVERSE FAIL 409 877
REVERSE FAIL 409 881
REVERSE FAIL 409 929
REVERSE FAIL 409 937
REVERSE FAIL 409 1013
REVERSE FAIL 409 1033
REVERSE FAIL 409 1069
REVERSE FAIL 409 1093
REVERSE FAIL 409 1097
REVERSE FAIL 409 1109
REVERSE FAIL 409 1117
REVERSE FAIL 409 1153
REVERSE FAIL 409 1201
REVERSE FAIL 409 1213
REVERSE FAIL 409 1249
REVERSE FAIL 409 1289
REVERSE FAIL 409 1297
REVERSE FAIL 409 1301
REVERSE FAIL 409 1321
REVERSE FAIL 409 1361
REVERSE FAIL 409 1373
REVERSE FAIL 409 1453
REVERSE FAIL 409 1481
REVERSE FAIL 409 1549
REVERSE FAIL 409 1597
REVERSE FAIL 409 1601
REVERSE FAIL 409 1657
REVERSE FAIL 409 1669
REVERSE FAIL 409 1693
REVERSE FAIL 409 1697
REVERSE FAIL 409 1709
REVERSE FAIL 409 1733
REVERSE FAIL 409 1741
REVERSE FAIL 409 1753
REVERSE FAIL 409 1777
REVERSE FAIL 409 1801
REVERSE FAIL 409 1873
REVERSE FAIL 409 1877
REVERSE FAIL 409 1889
REVERSE FAIL 409 1913
REVERSE FAIL 409 1933
REVERSE FAIL 409 1993
REVERSE FAIL 409 2017
REVERSE FAIL 409 2089
REVERSE FAIL 409 2129
REVERSE FAIL 409 2161
REVERSE FAIL 409 2213
REVERSE FAIL 409 2221
REVERSE FAIL 409 2269
REVERSE FAIL 409 2273
REVERSE FAIL 409 2281
REVERSE FAIL 409 2293
REVERSE FAIL 409 2297
REVERSE FAIL 409 2309
REVERSE FAIL 409 2341
REVERSE FAIL 409 2357
REVERSE FAIL 409 2381
REVERSE FAIL 409 2389
REVERSE FAIL 409 2393
REVERSE FAIL 409 2417
REVERSE FAIL 409 2441
REVERSE FAIL 409 2473
REVERSE FAIL 409 2521
REVERSE FAIL 409 2549
REVERSE FAIL 409 2609
REVERSE FAIL 409 2677
REVERSE FAIL 409 2689
REVERSE FAIL 409 2729
REVERSE FAIL 409 2741
REVERSE FAIL 409 2749
REVERSE FAIL 409 2753
REVERSE FAIL 409 2777
REVERSE FAIL 409 2789
REVERSE FAIL 409 2797
REVERSE FAIL 409 2801
REVERSE FAIL 409 2837
REVERSE FAIL 409 2957
REVERSE FAIL 433 449
REVERSE FAIL 433 457
REVERSE FAIL 433 521
REVERSE FAIL 433 541
REVERSE FAIL 433 569
REVERSE FAIL 433 577
REVERSE FAIL 433 641
REVERSE FAIL 433 733
REVERSE FAIL 433 757
REVERSE FAIL 433 761
REVERSE FAIL 433 829
REVERSE FAIL 433 853
REVERSE FAIL 433 857
REVERSE FAIL 433 877
REVERSE FAIL 433 941
REVERSE FAIL 433 977
REVERSE FAIL 433 1009
REVERSE FAIL 433 1013
REVERSE FAIL 433 1021
REVERSE FAIL 433 1033
REVERSE FAIL 433 1069
REVERSE FAIL 433 1109
REVERSE FAIL 433 1181
REVERSE FAIL 433 1193
REVERSE FAIL 433 1201
REVERSE FAIL 433 1217
REVERSE FAIL 433 1229
REVERSE FAIL 433 1249
REVERSE FAIL 433 1277
REVERSE FAIL 433 1297
REVERSE FAIL 433 1301
REVERSE FAIL 433 1321
REVERSE FAIL 433 1373
REVERSE FAIL 433 1381
REVERSE FAIL 433 1489
REVERSE FAIL 433 1553
REVERSE FAIL 433 1609
REVERSE FAIL 433 1621
REVERSE FAIL 433 1637
REVERSE FAIL 433 1693
REVERSE FAIL 433 1697
REVERSE FAIL 433 1721
REVERSE FAIL 433 1733
REVERSE FAIL 433 1741
REVERSE FAIL 433 1877
REVERSE FAIL 433 1901
REVERSE FAIL 433 1949
REVERSE FAIL 433 1973
REVERSE FAIL 433 2017
REVERSE FAIL 433 2029
REVERSE FAIL 433 2069
REVERSE FAIL 433 2113
REVERSE FAIL 433 2129
REVERSE FAIL 433 2141
REVERSE FAIL 433 2153
REVERSE FAIL 433 2213
REVERSE FAIL 433 2237
REVERSE FAIL 433 2269
REVERSE FAIL 433 2273
REVERSE FAIL 433 2293
REVERSE FAIL 433 2297
REVERSE FAIL 433 2309
REVERSE FAIL 433 2341
REVERSE FAIL 433 2357
REVERSE FAIL 433 2377
REVERSE FAIL 433 2381
REVERSE FAIL 433 2437
REVERSE FAIL 433 2477
REVERSE FAIL 433 2549
REVERSE FAIL 433 2557
REVERSE FAIL 433 2609
REVERSE FAIL 433 2633
REVERSE FAIL 433 2657
REVERSE FAIL 433 2677
REVERSE FAIL 433 2693
REVERSE FAIL 433 2713
REVERSE FAIL 433 2741
REVERSE FAIL 433 2753
REVERSE FAIL 433 2777
REVERSE FAIL 433 2789
REVERSE FAIL 433 2797
REVERSE FAIL 433 2801
REVERSE FAIL 433 2953
REVERSE FAIL 433 2957
REVERSE FAIL 449 457
REVERSE FAIL 449 521
REVERSE FAIL 449 541
REVERSE FAIL 449 577
REVERSE FAIL 449 593
REVERSE FAIL 449 613
REVERSE FAIL 449 653
REVERSE FAIL 449 661
REVERSE FAIL 449 673
REVERSE FAIL 449 677
REVERSE FAIL 449 701
REVERSE FAIL 449 757
REVERSE FAIL 449 761
REVERSE FAIL 449 769
REVERSE FAIL 449 773
REVERSE FAIL 449 797
REVERSE FAIL 449 809
REVERSE FAIL 449 821
REVERSE FAIL 449 853
REVERSE FAIL 449 857
REVERSE FAIL 449 937
REVERSE FAIL 449 953
REVERSE FAIL 449 997
REVERSE FAIL 449 1009
REVERSE FAIL 449 1013
REVERSE FAIL 449 1093
REVERSE FAIL 449 1097
REVERSE FAIL 449 1117
REVERSE FAIL 449 1153
REVERSE FAIL 449 1193
REVERSE FAIL 449 1213
REVERSE FAIL 449 1229
REVERSE FAIL 449 1237
REVERSE FAIL 449 1249
REVERSE FAIL 449 1277
REVERSE FAIL 449 1297
REVERSE FAIL 449 1301
REVERSE FAIL 449 1361
REVERSE FAIL 449 1429
REVERSE FAIL 449 1453
REVERSE FAIL 449 1481
REVERSE FAIL 449 1549
REVERSE FAIL 449 1597
REVERSE FAIL 449 1601
REVERSE FAIL 449 1621
REVERSE FAIL 449 1669
REVERSE FAIL 449 1697
REVERSE FAIL 449 1709
REVERSE FAIL 449 1733
REVERSE FAIL 449 1741
REVERSE FAIL 449 1789
REVERSE FAIL 449 1801
REVERSE FAIL 449 1873
REVERSE FAIL 449 1877
REVERSE FAIL 449 1889
REVERSE FAIL 449 1933
REVERSE FAIL 449 1993
REVERSE FAIL 449 2017
REVERSE FAIL 449 2069
REVERSE FAIL 449 2081
REVERSE FAIL 449 2089
REVERSE FAIL 449 2153
REVERSE FAIL 449 2213
REVERSE FAIL 449 2237
REVERSE FAIL 449 2273
REVERSE FAIL 449 2281
REVERSE FAIL 449 2309
REVERSE FAIL 449 2333
REVERSE FAIL 449 2357
REVERSE FAIL 449 2389
REVERSE FAIL 449 2441
REVERSE FAIL 449 2473
REVERSE FAIL 449 2557
REVERSE FAIL 449 2593
REVERSE FAIL 449 2617
REVERSE FAIL 449 2633
REVERSE FAIL 449 2689
REVERSE FAIL 449 2693
REVERSE FAIL 449 2729
REVERSE FAIL 449 2749
REVERSE FAIL 449 2753
REVERSE FAIL 449 2861
REVERSE FAIL 449 2957
REVERSE FAIL 449 2969
REVERSE FAIL 457 509
REVERSE FAIL 457 577
REVERSE FAIL 457 613
REVERSE FAIL 457 617
REVERSE FAIL 457 641
REVERSE FAIL 457 701
REVERSE FAIL 457 733
REVERSE FAIL 457 769
REVERSE FAIL 457 797
REVERSE FAIL 457 809
REVERSE FAIL 457 821
REVERSE FAIL 457 829
REVERSE FAIL 457 853
REVERSE FAIL 457 881
REVERSE FAIL 457 929
REVERSE FAIL 457 937
REVERSE FAIL 457 953
REVERSE FAIL 457 997
REVERSE FAIL 457 1009
REVERSE FAIL 457 1013
REVERSE FAIL 457 1049
REVERSE FAIL 457 1093
REVERSE FAIL 457 1097
REVERSE FAIL 457 1181
REVERSE FAIL 457 1193
REVERSE FAIL 457 1201
REVERSE FAIL 457 1217
REVERSE FAIL 457 1229
REVERSE FAIL 457 1249
REVERSE FAIL 457 1289
REVERSE FAIL 457 1297
REVERSE FAIL 457 1301
REVERSE FAIL 457 1361
REVERSE FAIL 457 1381
REVERSE FAIL 457 1433
REVERSE FAIL 457 1453
REVERSE FAIL 457 1489
REVERSE FAIL 457 1493
REVERSE FAIL 457 1549
REVERSE FAIL 457 1553
REVERSE FAIL 457 1597
REVERSE FAIL 457 1621
REVERSE FAIL 457 1669
REVERSE FAIL 457 1693
REVERSE FAIL 457 1733
REVERSE FAIL 457 1789
REVERSE FAIL 457 1861
REVERSE FAIL 457 1873
REVERSE FAIL 457 1889
REVERSE FAIL 457 1913
REVERSE FAIL 457 1933
REVERSE FAIL 457 1973
REVERSE FAIL 457 2113
REVERSE FAIL 457 2129
REVERSE FAIL 457 2137
REVERSE FAIL 457 2153
REVERSE FAIL 457 2161
REVERSE FAIL 457 2377
REVERSE FAIL 457 2389
REVERSE FAIL 457 2417
REVERSE FAIL 457 2441
REVERSE FAIL 457 2521
REVERSE FAIL 457 2549
REVERSE FAIL 457 2593
REVERSE FAIL 457 2617
REVERSE FAIL 457 2657
REVERSE FAIL 457 2689
REVERSE FAIL 457 2753
REVERSE FAIL 457 2777
REVERSE FAIL 457 2801
REVERSE FAIL 457 2833
REVERSE FAIL 457 2837
REVERSE FAIL 457 2909
REVERSE FAIL 457 2953
REVERSE FAIL 521 569
REVERSE FAIL 521 577
REVERSE FAIL 521 613
REVERSE FAIL 521 617
REVERSE FAIL 521 641
REVERSE FAIL 521 653
REVERSE FAIL 521 661
REVERSE FAIL 521 673
REVERSE FAIL 521 677
REVERSE FAIL 521 761
REVERSE FAIL 521 773
REVERSE FAIL 521 821
REVERSE FAIL 521 829
REVERSE FAIL 521 877
REVERSE FAIL 521 953
REVERSE FAIL 521 1009
REVERSE FAIL 521 1049
REVERSE FAIL 521 1061
REVERSE FAIL 521 1069
REVERSE FAIL 521 1109
REVERSE FAIL 521 1117
REVERSE FAIL 521 1129
REVERSE FAIL 521 1153
REVERSE FAIL 521 1181
REVERSE FAIL 521 1201
REVERSE FAIL 521 1213
REVERSE FAIL 521 1217
REVERSE FAIL 521 1229
REVERSE FAIL 521 1237
REVERSE FAIL 521 1249
REVERSE FAIL 521 1289
REVERSE FAIL 521 1301
REVERSE FAIL 521 1373
REVERSE FAIL 521 1381
REVERSE FAIL 521 1409
REVERSE FAIL 521 1429
REVERSE FAIL 521 1481
REVERSE FAIL 521 1493
REVERSE FAIL 521 1549
REVERSE FAIL 521 1597
REVERSE FAIL 521 1601
REVERSE FAIL 521 1609
REVERSE FAIL 521 1697
REVERSE FAIL 521 1709
REVERSE FAIL 521 1721
REVERSE FAIL 521 1733
REVERSE FAIL 521 1741
REVERSE FAIL 521 1753
REVERSE FAIL 521 1777
REVERSE FAIL 521 1861
REVERSE FAIL 521 1877
REVERSE FAIL 521 1889
REVERSE FAIL 521 1913
REVERSE FAIL 521 1949
REVERSE FAIL 521 1973
REVERSE FAIL 521 1993
REVERSE FAIL 521 1997
REVERSE FAIL 521 2017
REVERSE FAIL 521 2069
REVERSE FAIL 521 2081
REVERSE FAIL 521 2161
REVERSE FAIL 521 2221
REVERSE FAIL 521 2237
REVERSE FAIL 521 2293
REVERSE FAIL 521 2297
REVERSE FAIL 521 2333
REVERSE FAIL 521 2341
REVERSE FAIL 521 2381
REVERSE FAIL 521 2389
REVERSE FAIL 521 2441
REVERSE FAIL 521 2473
REVERSE FAIL 521 2549
REVERSE FAIL 521 2557
REVERSE FAIL 521 2617
REVERSE FAIL 521 2633
REVERSE FAIL 521 2713
REVERSE FAIL 521 2741
REVERSE FAIL 521 2789
REVERSE FAIL 521 2797
REVERSE FAIL 521 2857
REVERSE FAIL 521 2897
REVERSE FAIL 521 2909
REVERSE FAIL 521 2917
REVERSE FAIL 521 2953
REVERSE FAIL 521 2969
REVERSE FAIL 569 593
REVERSE FAIL 569 613
REVERSE FAIL 569 617
REVERSE FAIL 569 653
REVERSE FAIL 569 661
REVERSE FAIL 569 677
REVERSE FAIL 569 757
REVERSE FAIL 569 761
REVERSE FAIL 569 773
REVERSE FAIL 569 809
REVERSE FAIL 569 877
REVERSE FAIL 569 881
REVERSE FAIL 569 937
REVERSE FAIL 569 953
REVERSE FAIL 569 977
REVERSE FAIL 569 1009
REVERSE FAIL 569 1033
REVERSE FAIL 569 1049
REVERSE FAIL 569 1061
REVERSE FAIL 569 1109
REVERSE FAIL 569 1117
REVERSE FAIL 569 1153
REVERSE FAIL 569 1193
REVERSE FAIL 569 1213
REVERSE FAIL 569 1237
REVERSE FAIL 569 1301
REVERSE FAIL 569 1321
REVERSE FAIL 569 1361
REVERSE FAIL 569 1373
REVERSE FAIL 569 1381
REVERSE FAIL 569 1409
REVERSE FAIL 569 1433
REVERSE FAIL 569 1489
REVERSE FAIL 569 1553
REVERSE FAIL 569 1597
REVERSE FAIL 569 1601
REVERSE FAIL 569 1613
REVERSE FAIL 569 1669
REVERSE FAIL 569 1753
REVERSE FAIL 569 1801
REVERSE FAIL 569 1861
REVERSE FAIL 569 1873
REVERSE FAIL 569 1901
REVERSE FAIL 569 1913
REVERSE FAIL 569 1973
REVERSE FAIL 569 1993
REVERSE FAIL 569 1997
REVERSE FAIL 569 2017
REVERSE FAIL 569 2029
REVERSE FAIL 569 2053
REVERSE FAIL 569 2069
REVERSE FAIL 569 2081
REVERSE FAIL 569 2089
REVERSE FAIL 569 2113
REVERSE FAIL 569 2129
REVERSE FAIL 569 2141
REVERSE FAIL 569 2153
REVERSE FAIL 569 2161
REVERSE FAIL 569 2237
REVERSE FAIL 569 2273
REVERSE FAIL 569 2297
REVERSE FAIL 569 2381
REVERSE FAIL 569 2437
REVERSE FAIL 569 2477
REVERSE FAIL 569 2549
REVERSE FAIL 569 2609
REVERSE FAIL 569 2633
REVERSE FAIL 569 2657
REVERSE FAIL 569 2677
REVERSE FAIL 569 2689
REVERSE FAIL 569 2693
REVERSE FAIL 569 2729
REVERSE FAIL 569 2749
REVERSE FAIL 569 2753
REVERSE FAIL 569 2797
REVERSE FAIL 569 2801
REVERSE FAIL 569 2857
REVERSE FAIL 569 2953
REVERSE FAIL 569 2969
REVERSE FAIL 577 593
REVERSE FAIL 577 601
REVERSE FAIL 577 641
REVERSE FAIL 577 653
REVERSE FAIL 577 673
REVERSE FAIL 577 677
REVERSE FAIL 577 701
REVERSE FAIL 577 709
REVERSE FAIL 577 761
REVERSE FAIL 577 769
REVERSE FAIL 577 773
REVERSE FAIL 577 853
REVERSE FAIL 577 857
REVERSE FAIL 577 877
REVERSE FAIL 577 881
REVERSE FAIL 577 929
REVERSE FAIL 577 941
REVERSE FAIL 577 977
REVERSE FAIL 577 997
REVERSE FAIL 577 1009
REVERSE FAIL 577 1033
REVERSE FAIL 577 1049
REVERSE FAIL 577 1061
REVERSE FAIL 577 1097
REVERSE FAIL 577 1129
REVERSE FAIL 577 1153
REVERSE FAIL 577 1181
REVERSE FAIL 577 1213
REVERSE FAIL 577 1229
REVERSE FAIL 577 1301
REVERSE FAIL 577 1321
REVERSE FAIL 577 1361
REVERSE FAIL 577 1429
REVERSE FAIL 577 1433
REVERSE FAIL 577 1489
REVERSE FAIL 577 1549
REVERSE FAIL 577 1601
REVERSE FAIL 577 1613
REVERSE FAIL 577 1669
REVERSE FAIL 577 1693
REVERSE FAIL 577 1697
REVERSE FAIL 577 1709
REVERSE FAIL 577 1733
REVERSE FAIL 577 1753
REVERSE FAIL 577 1777
REVERSE FAIL 577 1801
REVERSE FAIL 577 1861
REVERSE FAIL 577 1873
REVERSE FAIL 577 1913
REVERSE FAIL 577 1973
REVERSE FAIL 577 1993
REVERSE FAIL 577 2029
REVERSE FAIL 577 2069
REVERSE FAIL 577 2113
REVERSE FAIL 577 2137
REVERSE FAIL 577 2141
REVERSE FAIL 577 2161
REVERSE FAIL 577 2237
REVERSE FAIL 577 2273
REVERSE FAIL 577 2281
REVERSE FAIL 577 2297
REVERSE FAIL 577 2309
REVERSE FAIL 577 2333
REVERSE FAIL 577 2341
REVERSE FAIL 577 2357
REVERSE FAIL 577 2377
REVERSE FAIL 577 2389
REVERSE FAIL 577 2477
REVERSE FAIL 577 2521
REVERSE FAIL 577 2609
REVERSE FAIL 577 2621
REVERSE FAIL 577 2689
REVERSE FAIL 577 2693
REVERSE FAIL 577 2741
REVERSE FAIL 577 2749
REVERSE FAIL 577 2753
REVERSE FAIL 577 2777
REVERSE FAIL 577 2789
REVERSE FAIL 577 2797
REVERSE FAIL 577 2837
REVERSE FAIL 577 2897
REVERSE FAIL 577 2909
REVERSE FAIL 577 2917
REVERSE FAIL 577 2953
REVERSE FAIL 577 2957
REVERSE FAIL 593 601
REVERSE FAIL 593 653
REVERSE FAIL 593 661
REVERSE FAIL 593 677
REVERSE FAIL 593 709
REVERSE FAIL 593 733
REVERSE FAIL 593 761
REVERSE FAIL 593 829
REVERSE FAIL 593 853
REVERSE FAIL 593 877
REVERSE FAIL 593 881
REVERSE FAIL 593 929
REVERSE FAIL 593 997
REVERSE FAIL 593 1033
REVERSE FAIL 593 1109
REVERSE FAIL 593 1153
REVERSE FAIL 593 1201
REVERSE FAIL 593 1217
REVERSE FAIL 593 1277
REVERSE FAIL 593 1321
REVERSE FAIL 593 1453
REVERSE FAIL 593 1493
REVERSE FAIL 593 1553
REVERSE FAIL 593 1597
REVERSE FAIL 593 1613
REVERSE FAIL 593 1621
REVERSE FAIL 593 1637
REVERSE FAIL 593 1669
REVERSE FAIL 593 1709
REVERSE FAIL 593 1721
REVERSE FAIL 593 1733
REVERSE FAIL 593 1741
REVERSE FAIL 593 1777
REVERSE FAIL 593 1877
REVERSE FAIL 593 1889
REVERSE FAIL 593 1933
REVERSE FAIL 593 1973
REVERSE FAIL 593 1997
REVERSE FAIL 593 2137
REVERSE FAIL 593 2161
REVERSE FAIL 593 2237
REVERSE FAIL 593 2281
REVERSE FAIL 593 2293
REVERSE FAIL 593 2333
REVERSE FAIL 593 2341
REVERSE FAIL 593 2357
REVERSE FAIL 593 2381
REVERSE FAIL 593 2389
REVERSE FAIL 593 2393
REVERSE FAIL 593 2437
REVERSE FAIL 593 2473
REVERSE FAIL 593 2633
REVERSE FAIL 593 2657
REVERSE FAIL 593 2677
REVERSE FAIL 593 2693
REVERSE FAIL 593 2729
REVERSE FAIL 593 2753
REVERSE FAIL 593 2797
REVERSE FAIL 593 2833
REVERSE FAIL 593 2837
REVERSE FAIL 593 2897
REVERSE FAIL 593 2957
REVERSE FAIL 593 2969
REVERSE FAIL 601 677
REVERSE FAIL 601 733
REVERSE FAIL 601 769
REVERSE FAIL 601 773
REVERSE FAIL 601 821
REVERSE FAIL 601 829
REVERSE FAIL 601 853
REVERSE FAIL 601 881
REVERSE FAIL 601 929
REVERSE FAIL 601 937
REVERSE FAIL 601 941
REVERSE FAIL 601 953
REVERSE FAIL 601 997
REVERSE FAIL 601 1009
REVERSE FAIL 601 1013
REVERSE FAIL 601 1021
REVERSE FAIL 601 1049
REVERSE FAIL 601 1093
REVERSE FAIL 601 1097
REVERSE FAIL 601 1109
REVERSE FAIL 601 1117
REVERSE FAIL 601 1129
REVERSE FAIL 601 1181
REVERSE FAIL 601 1213
REVERSE FAIL 601 1237
REVERSE FAIL 601 1297
REVERSE FAIL 601 1301
REVERSE FAIL 601 1361
REVERSE FAIL 601 1373
REVERSE FAIL 601 1453
REVERSE FAIL 601 1481
REVERSE FAIL 601 1493
REVERSE FAIL 601 1549
REVERSE FAIL 601 1597
REVERSE FAIL 601 1609
REVERSE FAIL 601 1613
REVERSE FAIL 601 1621
REVERSE FAIL 601 1637
REVERSE FAIL 601 1657
REVERSE FAIL 601 1693
REVERSE FAIL 601 1697
REVERSE FAIL 601 1721
REVERSE FAIL 601 1733
REVERSE FAIL 601 1741
REVERSE FAIL 601 1789
REVERSE FAIL 601 1861
REVERSE FAIL 601 1873
REVERSE FAIL 601 1889
REVERSE FAIL 601 1913
REVERSE FAIL 601 1949
REVERSE FAIL 601 1973
REVERSE FAIL 601 1993
REVERSE FAIL 601 1997
REVERSE FAIL 601 2017
REVERSE FAIL 601 2089
REVERSE FAIL 601 2113
REVERSE FAIL 601 2129
REVERSE FAIL 601 2153
REVERSE FAIL 601 2213
REVERSE FAIL 601 2281
REVERSE FAIL 601 2297
REVERSE FAIL 601 2309
REVERSE FAIL 601 2333
REVERSE FAIL 601 2341
REVERSE FAIL 601 2393
REVERSE FAIL 601 2437
REVERSE FAIL 601 2477
REVERSE FAIL 601 2549
REVERSE FAIL 601 2557
REVERSE FAIL 601 2593
REVERSE FAIL 601 2609
REVERSE FAIL 601 2617
REVERSE FAIL 601 2633
REVERSE FAIL 601 2657
REVERSE FAIL 601 2677
REVERSE FAIL 601 2689
REVERSE FAIL 601 2713
REVERSE FAIL 601 2741
REVERSE FAIL 601 2753
REVERSE FAIL 601 2777
REVERSE FAIL 601 2801
REVERSE FAIL 601 2833
REVERSE FAIL 601 2837
REVERSE FAIL 601 2917
REVERSE FAIL 617 641
REVERSE FAIL 617 701
REVERSE FAIL 617 709
REVERSE FAIL 617 757
REVERSE FAIL 617 797
REVERSE FAIL 617 809
REVERSE FAIL 617 829
REVERSE FAIL 617 881
REVERSE FAIL 617 937
REVERSE FAIL 617 953
REVERSE FAIL 617 977
REVERSE FAIL 617 997
REVERSE FAIL 617 1021
REVERSE FAIL 617 1033
REVERSE FAIL 617 1049
REVERSE FAIL 617 1061
REVERSE FAIL 617 1093
REVERSE FAIL 617 1109
REVERSE FAIL 617 1117
REVERSE FAIL 617 1181
REVERSE FAIL 617 1201
REVERSE FAIL 617 1213
REVERSE FAIL 617 1217
REVERSE FAIL 617 1229
REVERSE FAIL 617 1237
REVERSE FAIL 617 1289
REVERSE FAIL 617 1361
REVERSE FAIL 617 1373
REVERSE FAIL 617 1381
REVERSE FAIL 617 1429
REVERSE FAIL 617 1481
REVERSE FAIL 617 1489
REVERSE FAIL 617 1549
REVERSE FAIL 617 1553
REVERSE FAIL 617 1597
REVERSE FAIL 617 1601
REVERSE FAIL 617 1613
REVERSE FAIL 617 1637
REVERSE FAIL 617 1669
REVERSE FAIL 617 1741
REVERSE FAIL 617 1861
REVERSE FAIL 617 1877
REVERSE FAIL 617 1973
REVERSE FAIL 617 1997
REVERSE FAIL 617 2029
REVERSE FAIL 617 2053
REVERSE FAIL 617 2069
REVERSE FAIL 617 2089
REVERSE FAIL 617 2113
REVERSE FAIL 617 2129
REVERSE FAIL 617 2137
REVERSE FAIL 617 2153
REVERSE FAIL 617 2161
REVERSE FAIL 617 2213
REVERSE FAIL 617 2221
REVERSE FAIL 617 2237
REVERSE FAIL 617 2273
REVERSE FAIL 617 2281
REVERSE FAIL 617 2341
REVERSE FAIL 617 2357
REVERSE FAIL 617 2377
REVERSE FAIL 617 2393
REVERSE FAIL 617 2441
REVERSE FAIL 617 2473
REVERSE FAIL 617 2521
REVERSE FAIL 617 2557
REVERSE FAIL 617 2593
REVERSE FAIL 617 2609
REVERSE FAIL 617 2617
REVERSE FAIL 617 2621
REVERSE FAIL 617 2657
REVERSE FAIL 617 2713
REVERSE FAIL 617 2729
REVERSE FAIL 617 2749
REVERSE FAIL 617 2857
REVERSE FAIL 617 2917
REVERSE FAIL 617 2953
REVERSE FAIL 617 2969
REVERSE FAIL 641 661
REVERSE FAIL 641 673
REVERSE FAIL 641 677
REVERSE FAIL 641 769
REVERSE FAIL 641 821
REVERSE FAIL 641 877
REVERSE FAIL 641 929
REVERSE FAIL 641 937
REVERSE FAIL 641 997
REVERSE FAIL 641 1013
REVERSE FAIL 641 1033
REVERSE FAIL 641 1049
REVERSE FAIL 641 1097
REVERSE FAIL 641 1109
REVERSE FAIL 641 1153
REVERSE FAIL 641 1193
REVERSE FAIL 641 1201
REVERSE FAIL 641 1213
REVERSE FAIL 641 1217
REVERSE FAIL 641 1237
REVERSE FAIL 641 1277
REVERSE FAIL 641 1289
REVERSE FAIL 641 1361
REVERSE FAIL 641 1373
REVERSE FAIL 641 1381
REVERSE FAIL 641 1433
REVERSE FAIL 641 1553
REVERSE FAIL 641 1597
REVERSE FAIL 641 1609
REVERSE FAIL 641 1637
REVERSE FAIL 641 1741
REVERSE FAIL 641 1777
REVERSE FAIL 641 1873
REVERSE FAIL 641 1901
REVERSE FAIL 641 1913
REVERSE FAIL 641 1933
REVERSE FAIL 641 1949
REVERSE FAIL 641 1973
REVERSE FAIL 641 1993
REVERSE FAIL 641 1997
REVERSE FAIL 641 2053
REVERSE FAIL 641 2069
REVERSE FAIL 641 2081
REVERSE FAIL 641 2129
REVERSE FAIL 641 2221
REVERSE FAIL 641 2237
REVERSE FAIL 641 2269
REVERSE FAIL 641 2273
REVERSE FAIL 641 2293
REVERSE FAIL 641 2309
REVERSE FAIL 641 2381
REVERSE FAIL 641 2389
REVERSE FAIL 641 2441
REVERSE FAIL 641 2473
REVERSE FAIL 641 2477
REVERSE FAIL 641 2557
REVERSE FAIL 641 2609
REVERSE FAIL 641 2621
REVERSE FAIL 641 2633
REVERSE FAIL 641 2657
REVERSE FAIL 641 2689
REVERSE FAIL 641 2693
REVERSE FAIL 641 2713
REVERSE FAIL 641 2749
REVERSE FAIL 641 2789
REVERSE FAIL 641 2797
REVERSE FAIL 641 2833
REVERSE FAIL 641 2857
REVERSE FAIL 641 2897
REVERSE FAIL 641 2909
REVERSE FAIL 641 2917
REVERSE FAIL 641 2953
REVERSE FAIL 641 2969
REVERSE FAIL 673 677
REVERSE FAIL 673 701
REVERSE FAIL 673 709
REVERSE FAIL 673 757
REVERSE FAIL 673 769
REVERSE FAIL 673 773
REVERSE FAIL 673 821
REVERSE FAIL 673 829
REVERSE FAIL 673 857
REVERSE FAIL 673 881
REVERSE FAIL 673 929
REVERSE FAIL 673 997
REVERSE FAIL 673 1009
REVERSE FAIL 673 1013
REVERSE FAIL 673 1021
REVERSE FAIL 673 1061
REVERSE FAIL 673 1097
REVERSE FAIL 673 1117
REVERSE FAIL 673 1181
REVERSE FAIL 673 1229
REVERSE FAIL 673 1249
REVERSE FAIL 673 1277
REVERSE FAIL 673 1297
REVERSE FAIL 673 1321
REVERSE FAIL 673 1373
REVERSE FAIL 673 1409
REVERSE FAIL 673 1429
REVERSE FAIL 673 1433
REVERSE FAIL 673 1493
REVERSE FAIL 673 1549
REVERSE FAIL 673 1553
REVERSE FAIL 673 1601
REVERSE FAIL 673 1609
REVERSE FAIL 673 1613
REVERSE FAIL 673 1637
REVERSE FAIL 673 1669
REVERSE FAIL 673 1693
REVERSE FAIL 673 1697
REVERSE FAIL 673 1709
REVERSE FAIL 673 1741
REVERSE FAIL 673 1777
REVERSE FAIL 673 1873
REVERSE FAIL 673 1913
REVERSE FAIL 673 1973
REVERSE FAIL 673 2017
REVERSE FAIL 673 2069
REVERSE FAIL 673 2129
REVERSE FAIL 673 2213
REVERSE FAIL 673 2273
REVERSE FAIL 673 2297
REVERSE FAIL 673 2341
REVERSE FAIL 673 2357
REVERSE FAIL 673 2393
REVERSE FAIL 673 2437
REVERSE FAIL 673 2473
REVERSE FAIL 673 2477
REVERSE FAIL 673 2609
REVERSE FAIL 673 2617
REVERSE FAIL 673 2689
REVERSE FAIL 673 2693
REVERSE FAIL 673 2713
REVERSE FAIL 673 2729
REVERSE FAIL 673 2741
REVERSE FAIL 673 2777
REVERSE FAIL 673 2789
REVERSE FAIL 673 2857
REVERSE FAIL 673 2861
REVERSE FAIL 673 2897
REVERSE FAIL 673 2917
REVERSE FAIL 673 2953
REVERSE FAIL 761 773
REVERSE FAIL 761 809
REVERSE FAIL 761 821
REVERSE FAIL 761 857
REVERSE FAIL 761 881
REVERSE FAIL 761 937
REVERSE FAIL 761 953
REVERSE FAIL 761 977
REVERSE FAIL 761 1009
REVERSE FAIL 761 1013
REVERSE FAIL 761 1021
REVERSE FAIL 761 1061
REVERSE FAIL 761 1093
REVERSE FAIL 761 1109
REVERSE FAIL 761 1193
REVERSE FAIL 761 1201
REVERSE FAIL 761 1217
REVERSE FAIL 761 1229
REVERSE FAIL 761 1237
REVERSE FAIL 761 1249
REVERSE FAIL 761 1301
REVERSE FAIL 761 1321
REVERSE FAIL 761 1361
REVERSE FAIL 761 1381
REVERSE FAIL 761 1453
REVERSE FAIL 761 1549
REVERSE FAIL 761 1553
REVERSE FAIL 761 1597
REVERSE FAIL 761 1609
REVERSE FAIL 761 1621
REVERSE FAIL 761 1657
REVERSE FAIL 761 1669
REVERSE FAIL 761 1697
REVERSE FAIL 761 1709
REVERSE FAIL 761 1721
REVERSE FAIL 761 1733
REVERSE FAIL 761 1753
REVERSE FAIL 761 1777
REVERSE FAIL 761 1789
REVERSE FAIL 761 1801
REVERSE FAIL 761 1861
REVERSE FAIL 761 1877
REVERSE FAIL 761 1889
REVERSE FAIL 761 1901
REVERSE FAIL 761 1933
REVERSE FAIL 761 1973
REVERSE FAIL 761 2017
REVERSE FAIL 761 2029
REVERSE FAIL 761 2089
REVERSE FAIL 761 2137
REVERSE FAIL 761 2141
REVERSE FAIL 761 2153
REVERSE FAIL 761 2161
REVERSE FAIL 761 2213
REVERSE FAIL 761 2221
REVERSE FAIL 761 2269
REVERSE FAIL 761 2297
REVERSE FAIL 761 2309
REVERSE FAIL 761 2389
REVERSE FAIL 761 2393
REVERSE FAIL 761 2477
REVERSE FAIL 761 2521
REVERSE FAIL 761 2549
REVERSE FAIL 761 2593
REVERSE FAIL 761 2609
REVERSE FAIL 761 2633
REVERSE FAIL 761 2657
REVERSE FAIL 761 2677
REVERSE FAIL 761 2689
REVERSE FAIL 761 2713
REVERSE FAIL 761 2729
REVERSE FAIL 761 2741
REVERSE FAIL 761 2777
REVERSE FAIL 761 2789
REVERSE FAIL 761 2797
REVERSE FAIL 761 2801
REVERSE FAIL 761 2833
REVERSE FAIL 761 2857
REVERSE FAIL 761 2897
REVERSE FAIL 761 2909
REVERSE FAIL 761 2917
REVERSE FAIL 761 2957
REVERSE FAIL 761 2969
REVERSE FAIL 769 773
REVERSE FAIL 769 809
REVERSE FAIL 769 829
REVERSE FAIL 769 877
REVERSE FAIL 769 929
REVERSE FAIL 769 941
REVERSE FAIL 769 997
REVERSE FAIL 769 1009
REVERSE FAIL 769 1069
REVERSE FAIL 769 1093
REVERSE FAIL 769 1097
REVERSE FAIL 769 1109
REVERSE FAIL 769 1129
REVERSE FAIL 769 1153
REVERSE FAIL 769 1201
REVERSE FAIL 769 1249
REVERSE FAIL 769 1381
REVERSE FAIL 769 1409
REVERSE FAIL 769 1453
REVERSE FAIL 769 1481
REVERSE FAIL 769 1489
REVERSE FAIL 769 1493
REVERSE FAIL 769 1553
REVERSE FAIL 769 1613
REVERSE FAIL 769 1669
REVERSE FAIL 769 1693
REVERSE FAIL 769 1709
REVERSE FAIL 769 1741
REVERSE FAIL 769 1753
REVERSE FAIL 769 1789
REVERSE FAIL 769 1801
REVERSE FAIL 769 1861
REVERSE FAIL 769 1877
REVERSE FAIL 769 1901
REVERSE FAIL 769 1913
REVERSE FAIL 769 1993
REVERSE FAIL 769 1997
REVERSE FAIL 769 2081
REVERSE FAIL 769 2137
REVERSE FAIL 769 2153
REVERSE FAIL 769 2213
REVERSE FAIL 769 2221
REVERSE FAIL 769 2269
REVERSE FAIL 769 2273
REVERSE FAIL 769 2297
REVERSE FAIL 769 2309
REVERSE FAIL 769 2341
REVERSE FAIL 769 2357
REVERSE FAIL 769 2389
REVERSE FAIL 769 2393
REVERSE FAIL 769 2477
REVERSE FAIL 769 2549
REVERSE FAIL 769 2557
REVERSE FAIL 769 2593
REVERSE FAIL 769 2617
REVERSE FAIL 769 2621
REVERSE FAIL 769 2689
REVERSE FAIL 769 2693
REVERSE FAIL 769 2713
REVERSE FAIL 769 2729
REVERSE FAIL 769 2753
REVERSE FAIL 769 2777
REVERSE FAIL 769 2797
REVERSE FAIL 769 2833
REVERSE FAIL 769 2861
REVERSE FAIL 769 2953
REVERSE FAIL 809 821
REVERSE FAIL 809 853
REVERSE FAIL 809 857
REVERSE FAIL 809 877
REVERSE FAIL 809 929
REVERSE FAIL 809 977
REVERSE FAIL 809 997
REVERSE FAIL 809 1021
REVERSE FAIL 809 1049
REVERSE FAIL 809 1093
REVERSE FAIL 809 1109
REVERSE FAIL 809 1117
REVERSE FAIL 809 1193
REVERSE FAIL 809 1229
REVERSE FAIL 809 1237
REVERSE FAIL 809 1249
REVERSE FAIL 809 1289
REVERSE FAIL 809 1361
REVERSE FAIL 809 1381
REVERSE FAIL 809 1409
REVERSE FAIL 809 1429
REVERSE FAIL 809 1433
REVERSE FAIL 809 1481
REVERSE FAIL 809 1489
REVERSE FAIL 809 1549
REVERSE FAIL 809 1597
REVERSE FAIL 809 1601
REVERSE FAIL 809 1621
REVERSE FAIL 809 1657
REVERSE FAIL 809 1693
REVERSE FAIL 809 1721
REVERSE FAIL 809 1753
REVERSE FAIL 809 1801
REVERSE FAIL 809 1861
REVERSE FAIL 809 1877
REVERSE FAIL 809 1889
REVERSE FAIL 809 1901
REVERSE FAIL 809 1913
REVERSE FAIL 809 1949
REVERSE FAIL 809 1973
REVERSE FAIL 809 1993
REVERSE FAIL 809 2017
REVERSE FAIL 809 2113
REVERSE FAIL 809 2137
REVERSE FAIL 809 2141
REVERSE FAIL 809 2153
REVERSE FAIL 809 2213
REVERSE FAIL 809 2221
REVERSE FAIL 809 2273
REVERSE FAIL 809 2293
REVERSE FAIL 809 2309
REVERSE FAIL 809 2333
REVERSE FAIL 809 2393
REVERSE FAIL 809 2521
REVERSE FAIL 809 2593
REVERSE FAIL 809 2633
REVERSE FAIL 809 2689
REVERSE FAIL 809 2713
REVERSE FAIL 809 2729
REVERSE FAIL 809 2753
REVERSE FAIL 809 2789
REVERSE FAIL 809 2797
REVERSE FAIL 809 2833
REVERSE FAIL 809 2837
REVERSE FAIL 809 2861
REVERSE FAIL 809 2897
REVERSE FAIL 809 2909
REVERSE FAIL 809 2953
REVERSE FAIL 809 2957
REVERSE FAIL 809 2969
REVERSE FAIL 857 877
REVERSE FAIL 857 881
REVERSE FAIL 857 937
REVERSE FAIL 857 953
REVERSE FAIL 857 1009
REVERSE FAIL 857 1013
REVERSE FAIL 857 1033
REVERSE FAIL 857 1049
REVERSE FAIL 857 1093
REVERSE FAIL 857 1109
REVERSE FAIL 857 1129
REVERSE FAIL 857 1153
REVERSE FAIL 857 1213
REVERSE FAIL 857 1217
REVERSE FAIL 857 1229
REVERSE FAIL 857 1277
REVERSE FAIL 857 1289
REVERSE FAIL 857 1361
REVERSE FAIL 857 1373
REVERSE FAIL 857 1381
REVERSE FAIL 857 1409
REVERSE FAIL 857 1429
REVERSE FAIL 857 1481
REVERSE FAIL 857 1493
REVERSE FAIL 857 1549
REVERSE FAIL 857 1553
REVERSE FAIL 857 1601
REVERSE FAIL 857 1609
REVERSE FAIL 857 1621
REVERSE FAIL 857 1669
REVERSE FAIL 857 1697
REVERSE FAIL 857 1709
REVERSE FAIL 857 1721
REVERSE FAIL 857 1733
REVERSE FAIL 857 1741
REVERSE FAIL 857 1753
REVERSE FAIL 857 1777
REVERSE FAIL 857 1789
REVERSE FAIL 857 1801
REVERSE FAIL 857 1861
REVERSE FAIL 857 1873
REVERSE FAIL 857 1877
REVERSE FAIL 857 1889
REVERSE FAIL 857 1933
REVERSE FAIL 857 1997
REVERSE FAIL 857 2017
REVERSE FAIL 857 2069
REVERSE FAIL 857 2081
REVERSE FAIL 857 2113
REVERSE FAIL 857 2129
REVERSE FAIL 857 2137
REVERSE FAIL 857 2141
REVERSE FAIL 857 2161
REVERSE FAIL 857 2221
REVERSE FAIL 857 2269
REVERSE FAIL 857 2281
REVERSE FAIL 857 2293
REVERSE FAIL 857 2297
REVERSE FAIL 857 2309
REVERSE FAIL 857 2341
REVERSE FAIL 857 2389
REVERSE FAIL 857 2393
REVERSE FAIL 857 2437
REVERSE FAIL 857 2441
REVERSE FAIL 857 2477
REVERSE FAIL 857 2549
REVERSE FAIL 857 2557
REVERSE FAIL 857 2593
REVERSE FAIL 857 2609
REVERSE FAIL 857 2689
REVERSE FAIL 857 2749
REVERSE FAIL 857 2753
REVERSE FAIL 857 2797
REVERSE FAIL 857 2801
REVERSE FAIL 857 2833
REVERSE FAIL 857 2857
REVERSE FAIL 857 2861
REVERSE FAIL 857 2897
REVERSE FAIL 857 2917
REVERSE FAIL 857 2953
REVERSE FAIL 881 953
REVERSE FAIL 881 1009
REVERSE FAIL 881 1033
REVERSE FAIL 881 1049
REVERSE FAIL 881 1061
REVERSE FAIL 881 1201
REVERSE FAIL 881 1213
REVERSE FAIL 881 1217
REVERSE FAIL 881 1229
REVERSE FAIL 881 1237
REVERSE FAIL 881 1277
REVERSE FAIL 881 1289
REVERSE FAIL 881 1297
REVERSE FAIL 881 1301
REVERSE FAIL 881 1321
REVERSE FAIL 881 1381
REVERSE FAIL 881 1429
REVERSE FAIL 881 1433
REVERSE FAIL 881 1453
REVERSE FAIL 881 1489
REVERSE FAIL 881 1553
REVERSE FAIL 881 1601
REVERSE FAIL 881 1621
REVERSE FAIL 881 1637
REVERSE FAIL 881 1657
REVERSE FAIL 881 1669
REVERSE FAIL 881 1693
REVERSE FAIL 881 1697
REVERSE FAIL 881 1721
REVERSE FAIL 881 1741
REVERSE FAIL 881 1753
REVERSE FAIL 881 1861
REVERSE FAIL 881 1901
REVERSE FAIL 881 1933
REVERSE FAIL 881 1973
REVERSE FAIL 881 1993
REVERSE FAIL 881 2017
REVERSE FAIL 881 2153
REVERSE FAIL 881 2161
REVERSE FAIL 881 2213
REVERSE FAIL 881 2221
REVERSE FAIL 881 2237
REVERSE FAIL 881 2273
REVERSE FAIL 881 2297
REVERSE FAIL 881 2357
REVERSE FAIL 881 2393
REVERSE FAIL 881 2477
REVERSE FAIL 881 2521
REVERSE FAIL 881 2557
REVERSE FAIL 881 2593
REVERSE FAIL 881 2617
REVERSE FAIL 881 2621
REVERSE FAIL 881 2633
REVERSE FAIL 881 2693
REVERSE FAIL 881 2729
REVERSE FAIL 881 2741
REVERSE FAIL 881 2753
REVERSE FAIL 881 2777
REVERSE FAIL 881 2833
REVERSE FAIL 881 2837
REVERSE FAIL 881 2857
REVERSE FAIL 881 2861
REVERSE FAIL 881 2917
REVERSE FAIL 929 937
REVERSE FAIL 929 1009
REVERSE FAIL 929 1013
REVERSE FAIL 929 1021
REVERSE FAIL 929 1097
REVERSE FAIL 929 1109
REVERSE FAIL 929 1117
REVERSE FAIL 929 1129
REVERSE FAIL 929 1213
REVERSE FAIL 929 1217
REVERSE FAIL 929 1249
REVERSE FAIL 929 1289
REVERSE FAIL 929 1297
REVERSE FAIL 929 1301
REVERSE FAIL 929 1321
REVERSE FAIL 929 1381
REVERSE FAIL 929 1429
REVERSE FAIL 929 1453
REVERSE FAIL 929 1553
REVERSE FAIL 929 1597
REVERSE FAIL 929 1601
REVERSE FAIL 929 1613
REVERSE FAIL 929 1621
REVERSE FAIL 929 1637
REVERSE FAIL 929 1657
REVERSE FAIL 929 1669
REVERSE FAIL 929 1709
REVERSE FAIL 929 1721
REVERSE FAIL 929 1733
REVERSE FAIL 929 1753
REVERSE FAIL 929 1777
REVERSE FAIL 929 1877
REVERSE FAIL 929 1913
REVERSE FAIL 929 1949
REVERSE FAIL 929 1973
REVERSE FAIL 929 2029
REVERSE FAIL 929 2053
REVERSE FAIL 929 2081
REVERSE FAIL 929 2089
REVERSE FAIL 929 2113
REVERSE FAIL 929 2213
REVERSE FAIL 929 2237
REVERSE FAIL 929 2273
REVERSE FAIL 929 2281
REVERSE FAIL 929 2297
REVERSE FAIL 929 2333
REVERSE FAIL 929 2341
REVERSE FAIL 929 2417
REVERSE FAIL 929 2441
REVERSE FAIL 929 2473
REVERSE FAIL 929 2549
REVERSE FAIL 929 2557
REVERSE FAIL 929 2609
REVERSE FAIL 929 2621
REVERSE FAIL 929 2677
REVERSE FAIL 929 2689
REVERSE FAIL 929 2693
REVERSE FAIL 929 2713
REVERSE FAIL 929 2729
REVERSE FAIL 929 2741
REVERSE FAIL 929 2749
REVERSE FAIL 929 2777
REVERSE FAIL 929 2789
REVERSE FAIL 929 2797
REVERSE FAIL 929 2833
REVERSE FAIL 929 2837
REVERSE FAIL 929 2861
REVERSE FAIL 929 2897
REVERSE FAIL 929 2909
REVERSE FAIL 929 2953
REVERSE FAIL 929 2969
REVERSE FAIL 937 977
REVERSE FAIL 937 997
REVERSE FAIL 937 1021
REVERSE FAIL 937 1049
REVERSE FAIL 937 1069
REVERSE FAIL 937 1097
REVERSE FAIL 937 1109
REVERSE FAIL 937 1117
REVERSE FAIL 937 1201
REVERSE FAIL 937 1213
REVERSE FAIL 937 1277
REVERSE FAIL 937 1289
REVERSE FAIL 937 1297
REVERSE FAIL 937 1301
REVERSE FAIL 937 1373
REVERSE FAIL 937 1409
REVERSE FAIL 937 1429
REVERSE FAIL 937 1453
REVERSE FAIL 937 1489
REVERSE FAIL 937 1493
REVERSE FAIL 937 1601
REVERSE FAIL 937 1609
REVERSE FAIL 937 1637
REVERSE FAIL 937 1657
REVERSE FAIL 937 1693
REVERSE FAIL 937 1697
REVERSE FAIL 937 1733
REVERSE FAIL 937 1741
REVERSE FAIL 937 1789
REVERSE FAIL 937 1889
REVERSE FAIL 937 1933
REVERSE FAIL 937 1973
REVERSE FAIL 937 1993
REVERSE FAIL 937 1997
REVERSE FAIL 937 2017
REVERSE FAIL 937 2029
REVERSE FAIL 937 2069
REVERSE FAIL 937 2081
REVERSE FAIL 937 2129
REVERSE FAIL 937 2213
REVERSE FAIL 937 2273
REVERSE FAIL 937 2281
REVERSE FAIL 937 2293
REVERSE FAIL 937 2297
REVERSE FAIL 937 2309
REVERSE FAIL 937 2377
REVERSE FAIL 937 2393
REVERSE FAIL 937 2417
REVERSE FAIL 937 2437
REVERSE FAIL 937 2441
REVERSE FAIL 937 2477
REVERSE FAIL 937 2521
REVERSE FAIL 937 2557
REVERSE FAIL 937 2593
REVERSE FAIL 937 2609
REVERSE FAIL 937 2621
REVERSE FAIL 937 2677
REVERSE FAIL 937 2693
REVERSE FAIL 937 2729
REVERSE FAIL 937 2789
REVERSE FAIL 937 2797
REVERSE FAIL 937 2801
REVERSE FAIL 937 2833
REVERSE FAIL 937 2857
REVERSE FAIL 937 2897
REVERSE FAIL 937 2953
REVERSE FAIL 937 2969
REVERSE FAIL 953 977
REVERSE FAIL 953 997
REVERSE FAIL 953 1033
REVERSE FAIL 953 1049
REVERSE FAIL 953 1061
REVERSE FAIL 953 1109
REVERSE FAIL 953 1129
REVERSE FAIL 953 1201
REVERSE FAIL 953 1213
REVERSE FAIL 953 1289
REVERSE FAIL 953 1297
REVERSE FAIL 953 1301
REVERSE FAIL 953 1321
REVERSE FAIL 953 1361
REVERSE FAIL 953 1381
REVERSE FAIL 953 1453
REVERSE FAIL 953 1549
REVERSE FAIL 953 1553
REVERSE FAIL 953 1597
REVERSE FAIL 953 1613
REVERSE FAIL 953 1621
REVERSE FAIL 953 1637
REVERSE FAIL 953 1657
REVERSE FAIL 953 1669
REVERSE FAIL 953 1693
REVERSE FAIL 953 1709
REVERSE FAIL 953 1721
REVERSE FAIL 953 1741
REVERSE FAIL 953 1861
REVERSE FAIL 953 1901
REVERSE FAIL 953 1933
REVERSE FAIL 953 1949
REVERSE FAIL 953 1993
REVERSE FAIL 953 2017
REVERSE FAIL 953 2029
REVERSE FAIL 953 2053
REVERSE FAIL 953 2069
REVERSE FAIL 953 2113
REVERSE FAIL 953 2129
REVERSE FAIL 953 2153
REVERSE FAIL 953 2213
REVERSE FAIL 953 2221
REVERSE FAIL 953 2269
REVERSE FAIL 953 2273
REVERSE FAIL 953 2293
REVERSE FAIL 953 2297
REVERSE FAIL 953 2309
REVERSE FAIL 953 2333
REVERSE FAIL 953 2357
REVERSE FAIL 953 2377
REVERSE FAIL 953 2381
REVERSE FAIL 953 2393
REVERSE FAIL 953 2477
REVERSE FAIL 953 2593
REVERSE FAIL 953 2609
REVERSE FAIL 953 2657
REVERSE FAIL 953 2689
REVERSE FAIL 953 2729
REVERSE FAIL 953 2789
REVERSE FAIL 953 2797
REVERSE FAIL 953 2837
REVERSE FAIL 953 2897
REVERSE FAIL 953 2953
REVERSE FAIL 977 1009
REVERSE FAIL 977 1013
REVERSE FAIL 977 1021
REVERSE FAIL 977 1033
REVERSE FAIL 977 1049
REVERSE FAIL 977 1093
REVERSE FAIL 977 1097
REVERSE FAIL 977 1153
REVERSE FAIL 977 1201
REVERSE FAIL 977 1217
REVERSE FAIL 977 1229
REVERSE FAIL 977 1237
REVERSE FAIL 977 1249
REVERSE FAIL 977 1289
REVERSE FAIL 977 1301
REVERSE FAIL 977 1321
REVERSE FAIL 977 1373
REVERSE FAIL 977 1381
REVERSE FAIL 977 1433
REVERSE FAIL 977 1453
REVERSE FAIL 977 1481
REVERSE FAIL 977 1489
REVERSE FAIL 977 1601
REVERSE FAIL 977 1613
REVERSE FAIL 977 1637
REVERSE FAIL 977 1693
REVERSE FAIL 977 1777
REVERSE FAIL 977 1789
REVERSE FAIL 977 1801
REVERSE FAIL 977 1873
REVERSE FAIL 977 1877
REVERSE FAIL 977 1889
REVERSE FAIL 977 1993
REVERSE FAIL 977 1997
REVERSE FAIL 977 2017
REVERSE FAIL 977 2053
REVERSE FAIL 977 2069
REVERSE FAIL 977 2081
REVERSE FAIL 977 2089
REVERSE FAIL 977 2113
REVERSE FAIL 977 2129
REVERSE FAIL 977 2141
REVERSE FAIL 977 2273
REVERSE FAIL 977 2293
REVERSE FAIL 977 2297
REVERSE FAIL 977 2333
REVERSE FAIL 977 2341
REVERSE FAIL 977 2377
REVERSE FAIL 977 2381
REVERSE FAIL 977 2389
REVERSE FAIL 977 2393
REVERSE FAIL 977 2437
REVERSE FAIL 977 2473
REVERSE FAIL 977 2477
REVERSE FAIL 977 2521
REVERSE FAIL 977 2557
REVERSE FAIL 977 2593
REVERSE FAIL 977 2617
REVERSE FAIL 977 2657
REVERSE FAIL 977 2677
REVERSE FAIL 977 2689
REVERSE FAIL 977 2693
REVERSE FAIL 977 2713
REVERSE FAIL 977 2729
REVERSE FAIL 977 2741
REVERSE FAIL 977 2753
REVERSE FAIL 977 2777
REVERSE FAIL 977 2789
REVERSE FAIL 977 2801
REVERSE FAIL 977 2833
REVERSE FAIL 977 2837
REVERSE FAIL 977 2897
REVERSE FAIL 977 2909
REVERSE FAIL 977 2917
REVERSE FAIL 977 2953
REVERSE FAIL 1009 1013
REVERSE FAIL 1009 1021
REVERSE FAIL 1009 1033
REVERSE FAIL 1009 1049
REVERSE FAIL 1009 1069
REVERSE FAIL 1009 1093
REVERSE FAIL 1009 1109
REVERSE FAIL 1009 1117
REVERSE FAIL 1009 1129
REVERSE FAIL 1009 1153
REVERSE FAIL 1009 1201
REVERSE FAIL 1009 1249
REVERSE FAIL 1009 1277
REVERSE FAIL 1009 1289
REVERSE FAIL 1009 1297
REVERSE FAIL 1009 1409
REVERSE FAIL 1009 1453
REVERSE FAIL 1009 1489
REVERSE FAIL 1009 1493
REVERSE FAIL 1009 1549
REVERSE FAIL 1009 1597
REVERSE FAIL 1009 1601
REVERSE FAIL 1009 1609
REVERSE FAIL 1009 1613
REVERSE FAIL 1009 1637
REVERSE FAIL 1009 1657
REVERSE FAIL 1009 1709
REVERSE FAIL 1009 1777
REVERSE FAIL 1009 1861
REVERSE FAIL 1009 1873
REVERSE FAIL 1009 1913
REVERSE FAIL 1009 1973
REVERSE FAIL 1009 1993
REVERSE FAIL 1009 1997
REVERSE FAIL 1009 2017
REVERSE FAIL 1009 2053
REVERSE FAIL 1009 2081
REVERSE FAIL 1009 2089
REVERSE FAIL 1009 2129
REVERSE FAIL 1009 2141
REVERSE FAIL 1009 2153
REVERSE FAIL 1009 2161
REVERSE FAIL 1009 2221
REVERSE FAIL 1009 2269
REVERSE FAIL 1009 2333
REVERSE FAIL 1009 2341
REVERSE FAIL 1009 2357
REVERSE FAIL 1009 2381
REVERSE FAIL 1009 2393
REVERSE FAIL 1009 2521
REVERSE FAIL 1009 2609
REVERSE FAIL 1009 2617
REVERSE FAIL 1009 2621
REVERSE FAIL 1009 2633
REVERSE FAIL 1009 2657
REVERSE FAIL 1009 2677
REVERSE FAIL 1009 2689
REVERSE FAIL 1009 2693
REVERSE FAIL 1009 2713
REVERSE FAIL 1009 2741
REVERSE FAIL 1009 2749
REVERSE FAIL 1009 2753
REVERSE FAIL 1009 2777
REVERSE FAIL 1009 2801
REVERSE FAIL 1009 2953
REVERSE FAIL 1009 2957
REVERSE FAIL 1009 2969
REVERSE FAIL 1033 1093
REVERSE FAIL 1033 1153
REVERSE FAIL 1033 1193
REVERSE FAIL 1033 1213
REVERSE FAIL 1033 1217
REVERSE FAIL 1033 1297
REVERSE FAIL 1033 1301
REVERSE FAIL 1033 1373
REVERSE FAIL 1033 1381
REVERSE FAIL 1033 1409
REVERSE FAIL 1033 1429
REVERSE FAIL 1033 1453
REVERSE FAIL 1033 1597
REVERSE FAIL 1033 1601
REVERSE FAIL 1033 1657
REVERSE FAIL 1033 1669
REVERSE FAIL 1033 1741
REVERSE FAIL 1033 1753
REVERSE FAIL 1033 1861
REVERSE FAIL 1033 1873
REVERSE FAIL 1033 1889
REVERSE FAIL 1033 1949
REVERSE FAIL 1033 1993
REVERSE FAIL 1033 1997
REVERSE FAIL 1033 2053
REVERSE FAIL 1033 2081
REVERSE FAIL 1033 2089
REVERSE FAIL 1033 2113
REVERSE FAIL 1033 2137
REVERSE FAIL 1033 2153
REVERSE FAIL 1033 2161
REVERSE FAIL 1033 2221
REVERSE FAIL 1033 2269
REVERSE FAIL 1033 2273
REVERSE FAIL 1033 2281
REVERSE FAIL 1033 2293
REVERSE FAIL 1033 2297
REVERSE FAIL 1033 2333
REVERSE FAIL 1033 2341
REVERSE FAIL 1033 2357
REVERSE FAIL 1033 2381
REVERSE FAIL 1033 2393
REVERSE FAIL 1033 2417
REVERSE FAIL 1033 2437
REVERSE FAIL 1033 2441
REVERSE FAIL 1033 2473
REVERSE FAIL 1033 2549
REVERSE FAIL 1033 2609
REVERSE FAIL 1033 2617
REVERSE FAIL 1033 2621
REVERSE FAIL 1033 2657
REVERSE FAIL 1033 2689
REVERSE FAIL 1033 2693
REVERSE FAIL 1033 2713
REVERSE FAIL 1033 2729
REVERSE FAIL 1033 2753
REVERSE FAIL 1033 2777
REVERSE FAIL 1033 2789
REVERSE FAIL 1033 2801
REVERSE FAIL 1033 2837
REVERSE FAIL 1033 2909
REVERSE FAIL 1033 2917
REVERSE FAIL 1033 2953
REVERSE FAIL 1033 2957
REVERSE FAIL 1049 1061
REVERSE FAIL 1049 1097
REVERSE FAIL 1049 1109
REVERSE FAIL 1049 1117
REVERSE FAIL 1049 1181
REVERSE FAIL 1049 1213
REVERSE FAIL 1049 1237
REVERSE FAIL 1049 1277
REVERSE FAIL 1049 1289
REVERSE FAIL 1049 1297
REVERSE FAIL 1049 1301
REVERSE FAIL 1049 1321
REVERSE FAIL 1049 1361
REVERSE FAIL 1049 1381
REVERSE FAIL 1049 1433
REVERSE FAIL 1049 1453
REVERSE FAIL 1049 1481
REVERSE FAIL 1049 1553
REVERSE FAIL 1049 1597
REVERSE FAIL 1049 1609
REVERSE FAIL 1049 1637
REVERSE FAIL 1049 1669
REVERSE FAIL 1049 1709
REVERSE FAIL 1049 1741
REVERSE FAIL 1049 1777
REVERSE FAIL 1049 1789
REVERSE FAIL 1049 1801
REVERSE FAIL 1049 1861
REVERSE FAIL 1049 1877
REVERSE FAIL 1049 1913
REVERSE FAIL 1049 1933
REVERSE FAIL 1049 1997
REVERSE FAIL 1049 2081
REVERSE FAIL 1049 2113
REVERSE FAIL 1049 2129
REVERSE FAIL 1049 2137
REVERSE FAIL 1049 2161
REVERSE FAIL 1049 2213
REVERSE FAIL 1049 2237
REVERSE FAIL 1049 2273
REVERSE FAIL 1049 2281
REVERSE FAIL 1049 2293
REVERSE FAIL 1049 2297
REVERSE FAIL 1049 2309
REVERSE FAIL 1049 2333
REVERSE FAIL 1049 2341
REVERSE FAIL 1049 2377
REVERSE FAIL 1049 2381
REVERSE FAIL 1049 2389
REVERSE FAIL 1049 2437
REVERSE FAIL 1049 2441
REVERSE FAIL 1049 2473
REVERSE FAIL 1049 2477
REVERSE FAIL 1049 2521
REVERSE FAIL 1049 2549
REVERSE FAIL 1049 2609
REVERSE FAIL 1049 2621
REVERSE FAIL 1049 2677
REVERSE FAIL 1049 2689
REVERSE FAIL 1049 2741
REVERSE FAIL 1049 2749
REVERSE FAIL 1049 2777
REVERSE FAIL 1049 2789
REVERSE FAIL 1049 2797
REVERSE FAIL 1049 2801
REVERSE FAIL 1049 2833
REVERSE FAIL 1049 2837
REVERSE FAIL 1049 2917
REVERSE FAIL 1049 2969
REVERSE FAIL 1097 1109
REVERSE FAIL 1097 1117
REVERSE FAIL 1097 1153
REVERSE FAIL 1097 1193
REVERSE FAIL 1097 1201
REVERSE FAIL 1097 1249
REVERSE FAIL 1097 1277
REVERSE FAIL 1097 1289
REVERSE FAIL 1097 1301
REVERSE FAIL 1097 1321
REVERSE FAIL 1097 1373
REVERSE FAIL 1097 1429
REVERSE FAIL 1097 1453
REVERSE FAIL 1097 1481
REVERSE FAIL 1097 1493
REVERSE FAIL 1097 1549
REVERSE FAIL 1097 1597
REVERSE FAIL 1097 1601
REVERSE FAIL 1097 1697
REVERSE FAIL 1097 1733
REVERSE FAIL 1097 1741
REVERSE FAIL 1097 1777
REVERSE FAIL 1097 1789
REVERSE FAIL 1097 1801
REVERSE FAIL 1097 1861
REVERSE FAIL 1097 1873
REVERSE FAIL 1097 1877
REVERSE FAIL 1097 1889
REVERSE FAIL 1097 1901
REVERSE FAIL 1097 1949
REVERSE FAIL 1097 1973
REVERSE FAIL 1097 1993
REVERSE FAIL 1097 2017
REVERSE FAIL 1097 2029
REVERSE FAIL 1097 2053
REVERSE FAIL 1097 2069
REVERSE FAIL 1097 2081
REVERSE FAIL 1097 2089
REVERSE FAIL 1097 2213
REVERSE FAIL 1097 2221
REVERSE FAIL 1097 2237
REVERSE FAIL 1097 2269
REVERSE FAIL 1097 2273
REVERSE FAIL 1097 2281
REVERSE FAIL 1097 2293
REVERSE FAIL 1097 2297
REVERSE FAIL 1097 2309
REVERSE FAIL 1097 2341
REVERSE FAIL 1097 2377
REVERSE FAIL 1097 2381
REVERSE FAIL 1097 2389
REVERSE FAIL 1097 2417
REVERSE FAIL 1097 2437
REVERSE FAIL 1097 2473
REVERSE FAIL 1097 2521
REVERSE FAIL 1097 2549
REVERSE FAIL 1097 2557
REVERSE FAIL 1097 2593
REVERSE FAIL 1097 2621
REVERSE FAIL 1097 2633
REVERSE FAIL 1097 2657
REVERSE FAIL 1097 2693
REVERSE FAIL 1097 2729
REVERSE FAIL 1097 2741
REVERSE FAIL 1097 2749
REVERSE FAIL 1097 2777
REVERSE FAIL 1097 2801
REVERSE FAIL 1097 2909
REVERSE FAIL 1097 2917
REVERSE FAIL 1097 2957
REVERSE FAIL 1097 2969
REVERSE FAIL 1129 1181
REVERSE FAIL 1129 1217
REVERSE FAIL 1129 1277
REVERSE FAIL 1129 1361
REVERSE FAIL 1129 1373
REVERSE FAIL 1129 1433
REVERSE FAIL 1129 1481
REVERSE FAIL 1129 1493
REVERSE FAIL 1129 1597
REVERSE FAIL 1129 1601
REVERSE FAIL 1129 1621
REVERSE FAIL 1129 1657
REVERSE FAIL 1129 1709
REVERSE FAIL 1129 1721
REVERSE FAIL 1129 1741
REVERSE FAIL 1129 1753
REVERSE FAIL 1129 1789
REVERSE FAIL 1129 1861
REVERSE FAIL 1129 1873
REVERSE FAIL 1129 1889
REVERSE FAIL 1129 1901
REVERSE FAIL 1129 1933
REVERSE FAIL 1129 1949
REVERSE FAIL 1129 1973
REVERSE FAIL 1129 1997
REVERSE FAIL 1129 2017
REVERSE FAIL 1129 2053
REVERSE FAIL 1129 2081
REVERSE FAIL 1129 2113
REVERSE FAIL 1129 2141
REVERSE FAIL 1129 2221
REVERSE FAIL 1129 2269
REVERSE FAIL 1129 2297
REVERSE FAIL 1129 2309
REVERSE FAIL 1129 2341
REVERSE FAIL 1129 2357
REVERSE FAIL 1129 2377
REVERSE FAIL 1129 2381
REVERSE FAIL 1129 2437
REVERSE FAIL 1129 2441
REVERSE FAIL 1129 2477
REVERSE FAIL 1129 2521
REVERSE FAIL 1129 2557
REVERSE FAIL 1129 2593
REVERSE FAIL 1129 2609
REVERSE FAIL 1129 2617
REVERSE FAIL 1129 2657
REVERSE FAIL 1129 2689
REVERSE FAIL 1129 2693
REVERSE FAIL 1129 2713
REVERSE FAIL 1129 2753
REVERSE FAIL 1129 2777
REVERSE FAIL 1129 2789
REVERSE FAIL 1129 2797
REVERSE FAIL 1129 2837
REVERSE FAIL 1129 2861
REVERSE FAIL 1129 2909
REVERSE FAIL 1129 2953
REVERSE FAIL 1153 1201
REVERSE FAIL 1153 1217
REVERSE FAIL 1153 1249
REVERSE FAIL 1153 1297
REVERSE FAIL 1153 1361
REVERSE FAIL 1153 1409
REVERSE FAIL 1153 1429
REVERSE FAIL 1153 1433
REVERSE FAIL 1153 1453
REVERSE FAIL 1153 1481
REVERSE FAIL 1153 1493
REVERSE FAIL 1153 1549
REVERSE FAIL 1153 1553
REVERSE FAIL 1153 1621
REVERSE FAIL 1153 1637
REVERSE FAIL 1153 1669
REVERSE FAIL 1153 1709
REVERSE FAIL 1153 1741
REVERSE FAIL 1153 1753
REVERSE FAIL 1153 1777
REVERSE FAIL 1153 1789
REVERSE FAIL 1153 1801
REVERSE FAIL 1153 1877
REVERSE FAIL 1153 1889
REVERSE FAIL 1153 1913
REVERSE FAIL 1153 1949
REVERSE FAIL 1153 1993
REVERSE FAIL 1153 2017
REVERSE FAIL 1153 2053
REVERSE FAIL 1153 2081
REVERSE FAIL 1153 2089
REVERSE FAIL 1153 2137
REVERSE FAIL 1153 2221
REVERSE FAIL 1153 2237
REVERSE FAIL 1153 2273
REVERSE FAIL 1153 2281
REVERSE FAIL 1153 2293
REVERSE FAIL 1153 2297
REVERSE FAIL 1153 2309
REVERSE FAIL 1153 2333
REVERSE FAIL 1153 2341
REVERSE FAIL 1153 2381
REVERSE FAIL 1153 2393
REVERSE FAIL 1153 2437
REVERSE FAIL 1153 2549
REVERSE FAIL 1153 2557
REVERSE FAIL 1153 2621
REVERSE FAIL 1153 2633
REVERSE FAIL 1153 2657
REVERSE FAIL 1153 2689
REVERSE FAIL 1153 2693
REVERSE FAIL 1153 2729
REVERSE FAIL 1153 2749
REVERSE FAIL 1153 2753
REVERSE FAIL 1153 2833
REVERSE FAIL 1153 2861
REVERSE FAIL 1153 2897
REVERSE FAIL 1153 2909
REVERSE FAIL 1153 2917
REVERSE FAIL 1153 2953
REVERSE FAIL 1153 2957
REVERSE FAIL 1193 1213
REVERSE FAIL 1193 1217
REVERSE FAIL 1193 1249
REVERSE FAIL 1193 1289
REVERSE FAIL 1193 1301
REVERSE FAIL 1193 1373
REVERSE FAIL 1193 1409
REVERSE FAIL 1193 1429
REVERSE FAIL 1193 1453
REVERSE FAIL 1193 1493
REVERSE FAIL 1193 1553
REVERSE FAIL 1193 1613
REVERSE FAIL 1193 1637
REVERSE FAIL 1193 1693
REVERSE FAIL 1193 1697
REVERSE FAIL 1193 1721
REVERSE FAIL 1193 1741
REVERSE FAIL 1193 1801
REVERSE FAIL 1193 1877
REVERSE FAIL 1193 1889
REVERSE FAIL 1193 1913
REVERSE FAIL 1193 1933
REVERSE FAIL 1193 1997
REVERSE FAIL 1193 2029
REVERSE FAIL 1193 2069
REVERSE FAIL 1193 2081
REVERSE FAIL 1193 2089
REVERSE FAIL 1193 2137
REVERSE FAIL 1193 2141
REVERSE FAIL 1193 2213
REVERSE FAIL 1193 2281
REVERSE FAIL 1193 2309
REVERSE FAIL 1193 2333
REVERSE FAIL 1193 2341
REVERSE FAIL 1193 2381
REVERSE FAIL 1193 2389
REVERSE FAIL 1193 2393
REVERSE FAIL 1193 2417
REVERSE FAIL 1193 2441
REVERSE FAIL 1193 2473
REVERSE FAIL 1193 2477
REVERSE FAIL 1193 2549
REVERSE FAIL 1193 2557
REVERSE FAIL 1193 2593
REVERSE FAIL 1193 2621
REVERSE FAIL 1193 2633
REVERSE FAIL 1193 2657
REVERSE FAIL 1193 2689
REVERSE FAIL 1193 2729
REVERSE FAIL 1193 2741
REVERSE FAIL 1193 2749
REVERSE FAIL 1193 2789
REVERSE FAIL 1193 2801
REVERSE FAIL 1193 2833
REVERSE FAIL 1193 2861
REVERSE FAIL 1193 2897
REVERSE FAIL 1193 2909
REVERSE FAIL 1193 2917
REVERSE FAIL 1193 2953
REVERSE FAIL 1193 2969
REVERSE FAIL 1201 1213
REVERSE FAIL 1201 1217
REVERSE FAIL 1201 1229
REVERSE FAIL 1201 1237
REVERSE FAIL 1201 1249
REVERSE FAIL 1201 1277
REVERSE FAIL 1201 1297
REVERSE FAIL 1201 1301
REVERSE FAIL 1201 1321
REVERSE FAIL 1201 1361
REVERSE FAIL 1201 1373
REVERSE FAIL 1201 1381
REVERSE FAIL 1201 1429
REVERSE FAIL 1201 1453
REVERSE FAIL 1201 1481
REVERSE FAIL 1201 1489
REVERSE FAIL 1201 1601
REVERSE FAIL 1201 1613
REVERSE FAIL 1201 1621
REVERSE FAIL 1201 1657
REVERSE FAIL 1201 1733
REVERSE FAIL 1201 1741
REVERSE FAIL 1201 1777
REVERSE FAIL 1201 1789
REVERSE FAIL 1201 1801
REVERSE FAIL 1201 1873
REVERSE FAIL 1201 1877
REVERSE FAIL 1201 1889
REVERSE FAIL 1201 1901
REVERSE FAIL 1201 1913
REVERSE FAIL 1201 1933
REVERSE FAIL 1201 1949
REVERSE FAIL 1201 1973
REVERSE FAIL 1201 1997
REVERSE FAIL 1201 2113
REVERSE FAIL 1201 2161
REVERSE FAIL 1201 2213
REVERSE FAIL 1201 2269
REVERSE FAIL 1201 2273
REVERSE FAIL 1201 2281
REVERSE FAIL 1201 2297
REVERSE FAIL 1201 2341
REVERSE FAIL 1201 2357
REVERSE FAIL 1201 2377
REVERSE FAIL 1201 2381
REVERSE FAIL 1201 2393
REVERSE FAIL 1201 2417
REVERSE FAIL 1201 2437
REVERSE FAIL 1201 2477
REVERSE FAIL 1201 2549
REVERSE FAIL 1201 2617
REVERSE FAIL 1201 2713
REVERSE FAIL 1201 2749
REVERSE FAIL 1201 2777
REVERSE FAIL 1201 2789
REVERSE FAIL 1201 2797
REVERSE FAIL 1201 2801
REVERSE FAIL 1201 2909
REVERSE FAIL 1201 2917
REVERSE FAIL 1201 2969
REVERSE FAIL 1217 1249
REVERSE FAIL 1217 1277
REVERSE FAIL 1217 1289
REVERSE FAIL 1217 1301
REVERSE FAIL 1217 1361
REVERSE FAIL 1217 1481
REVERSE FAIL 1217 1493
REVERSE FAIL 1217 1553
REVERSE FAIL 1217 1609
REVERSE FAIL 1217 1621
REVERSE FAIL 1217 1657
REVERSE FAIL 1217 1669
REVERSE FAIL 1217 1693
REVERSE FAIL 1217 1697
REVERSE FAIL 1217 1709
REVERSE FAIL 1217 1741
REVERSE FAIL 1217 1777
REVERSE FAIL 1217 1789
REVERSE FAIL 1217 1801
REVERSE FAIL 1217 1861
REVERSE FAIL 1217 1889
REVERSE FAIL 1217 1901
REVERSE FAIL 1217 1973
REVERSE FAIL 1217 1993
REVERSE FAIL 1217 2017
REVERSE FAIL 1217 2137
REVERSE FAIL 1217 2213
REVERSE FAIL 1217 2273
REVERSE FAIL 1217 2297
REVERSE FAIL 1217 2333
REVERSE FAIL 1217 2357
REVERSE FAIL 1217 2473
REVERSE FAIL 1217 2477
REVERSE FAIL 1217 2549
REVERSE FAIL 1217 2557
REVERSE FAIL 1217 2593
REVERSE FAIL 1217 2621
REVERSE FAIL 1217 2633
REVERSE FAIL 1217 2713
REVERSE FAIL 1217 2729
REVERSE FAIL 1217 2749
REVERSE FAIL 1217 2833
REVERSE FAIL 1217 2857
REVERSE FAIL 1217 2909
REVERSE FAIL 1217 2957
REVERSE FAIL 1249 1289
REVERSE FAIL 1249 1297
REVERSE FAIL 1249 1321
REVERSE FAIL 1249 1373
REVERSE FAIL 1249 1409
REVERSE FAIL 1249 1429
REVERSE FAIL 1249 1453
REVERSE FAIL 1249 1489
REVERSE FAIL 1249 1549
REVERSE FAIL 1249 1609
REVERSE FAIL 1249 1621
REVERSE FAIL 1249 1637
REVERSE FAIL 1249 1657
REVERSE FAIL 1249 1693
REVERSE FAIL 1249 1733
REVERSE FAIL 1249 1789
REVERSE FAIL 1249 1861
REVERSE FAIL 1249 1873
REVERSE FAIL 1249 1889
REVERSE FAIL 1249 1913
REVERSE FAIL 1249 1993
REVERSE FAIL 1249 2017
REVERSE FAIL 1249 2029
REVERSE FAIL 1249 2081
REVERSE FAIL 1249 2113
REVERSE FAIL 1249 2137
REVERSE FAIL 1249 2221
REVERSE FAIL 1249 2269
REVERSE FAIL 1249 2273
REVERSE FAIL 1249 2357
REVERSE FAIL 1249 2377
REVERSE FAIL 1249 2381
REVERSE FAIL 1249 2417
REVERSE FAIL 1249 2473
REVERSE FAIL 1249 2549
REVERSE FAIL 1249 2609
REVERSE FAIL 1249 2633
REVERSE FAIL 1249 2689
REVERSE FAIL 1249 2693
REVERSE FAIL 1249 2729
REVERSE FAIL 1249 2741
REVERSE FAIL 1249 2749
REVERSE FAIL 1249 2753
REVERSE FAIL 1249 2777
REVERSE FAIL 1249 2789
REVERSE FAIL 1249 2801
REVERSE FAIL 1249 2861
REVERSE FAIL 1249 2897
REVERSE FAIL 1249 2909
REVERSE FAIL 1249 2917
REVERSE FAIL 1249 2957
REVERSE FAIL 1289 1301
REVERSE FAIL 1289 1373
REVERSE FAIL 1289 1409
REVERSE FAIL 1289 1481
REVERSE FAIL 1289 1549
REVERSE FAIL 1289 1597
REVERSE FAIL 1289 1637
REVERSE FAIL 1289 1709
REVERSE FAIL 1289 1721
REVERSE FAIL 1289 1741
REVERSE FAIL 1289 1777
REVERSE FAIL 1289 1877
REVERSE FAIL 1289 1889
REVERSE FAIL 1289 1901
REVERSE FAIL 1289 1993
REVERSE FAIL 1289 2017
REVERSE FAIL 1289 2029
REVERSE FAIL 1289 2053
REVERSE FAIL 1289 2081
REVERSE FAIL 1289 2113
REVERSE FAIL 1289 2129
REVERSE FAIL 1289 2153
REVERSE FAIL 1289 2161
REVERSE FAIL 1289 2237
REVERSE FAIL 1289 2273
REVERSE FAIL 1289 2293
REVERSE FAIL 1289 2341
REVERSE FAIL 1289 2377
REVERSE FAIL 1289 2389
REVERSE FAIL 1289 2393
REVERSE FAIL 1289 2473
REVERSE FAIL 1289 2521
REVERSE FAIL 1289 2557
REVERSE FAIL 1289 2593
REVERSE FAIL 1289 2621
REVERSE FAIL 1289 2633
REVERSE FAIL 1289 2677
REVERSE FAIL 1289 2713
REVERSE FAIL 1289 2741
REVERSE FAIL 1289 2777
REVERSE FAIL 1289 2789
REVERSE FAIL 1289 2797
REVERSE FAIL 1289 2801
REVERSE FAIL 1289 2837
REVERSE FAIL 1289 2897
REVERSE FAIL 1289 2953
REVERSE FAIL 1289 2957
REVERSE FAIL 1289 2969
REVERSE FAIL 1297 1301
REVERSE FAIL 1297 1321
REVERSE FAIL 1297 1361
REVERSE FAIL 1297 1373
REVERSE FAIL 1297 1381
REVERSE FAIL 1297 1409
REVERSE FAIL 1297 1453
REVERSE FAIL 1297 1481
REVERSE FAIL 1297 1489
REVERSE FAIL 1297 1493
REVERSE FAIL 1297 1549
REVERSE FAIL 1297 1553
REVERSE FAIL 1297 1597
REVERSE FAIL 1297 1601
REVERSE FAIL 1297 1609
REVERSE FAIL 1297 1621
REVERSE FAIL 1297 1637
REVERSE FAIL 1297 1697
REVERSE FAIL 1297 1709
REVERSE FAIL 1297 1721
REVERSE FAIL 1297 1753
REVERSE FAIL 1297 1801
REVERSE FAIL 1297 1861
REVERSE FAIL 1297 1873
REVERSE FAIL 1297 1877
REVERSE FAIL 1297 1933
REVERSE FAIL 1297 1949
REVERSE FAIL 1297 1973
REVERSE FAIL 1297 1997
REVERSE FAIL 1297 2029
REVERSE FAIL 1297 2053
REVERSE FAIL 1297 2069
REVERSE FAIL 1297 2081
REVERSE FAIL 1297 2129
REVERSE FAIL 1297 2153
REVERSE FAIL 1297 2161
REVERSE FAIL 1297 2269
REVERSE FAIL 1297 2273
REVERSE FAIL 1297 2381
REVERSE FAIL 1297 2389
REVERSE FAIL 1297 2393
REVERSE FAIL 1297 2473
REVERSE FAIL 1297 2477
REVERSE FAIL 1297 2593
REVERSE FAIL 1297 2617
REVERSE FAIL 1297 2621
REVERSE FAIL 1297 2633
REVERSE FAIL 1297 2657
REVERSE FAIL 1297 2741
REVERSE FAIL 1297 2749
REVERSE FAIL 1297 2753
REVERSE FAIL 1297 2777
REVERSE FAIL 1297 2801
REVERSE FAIL 1297 2833
REVERSE FAIL 1297 2837
REVERSE FAIL 1297 2897
REVERSE FAIL 1297 2953
REVERSE FAIL 1297 2957
REVERSE FAIL 1321 1373
REVERSE FAIL 1321 1433
REVERSE FAIL 1321 1489
REVERSE FAIL 1321 1549
REVERSE FAIL 1321 1597
REVERSE FAIL 1321 1601
REVERSE FAIL 1321 1613
REVERSE FAIL 1321 1637
REVERSE FAIL 1321 1657
REVERSE FAIL 1321 1697
REVERSE FAIL 1321 1709
REVERSE FAIL 1321 1733
REVERSE FAIL 1321 1741
REVERSE FAIL 1321 1777
REVERSE FAIL 1321 1789
REVERSE FAIL 1321 1873
REVERSE FAIL 1321 1877
REVERSE FAIL 1321 1933
REVERSE FAIL 1321 1949
REVERSE FAIL 1321 1973
REVERSE FAIL 1321 1993
REVERSE FAIL 1321 2029
REVERSE FAIL 1321 2053
REVERSE FAIL 1321 2069
REVERSE FAIL 1321 2081
REVERSE FAIL 1321 2129
REVERSE FAIL 1321 2137
REVERSE FAIL 1321 2153
REVERSE FAIL 1321 2161
REVERSE FAIL 1321 2213
REVERSE FAIL 1321 2269
REVERSE FAIL 1321 2297
REVERSE FAIL 1321 2333
REVERSE FAIL 1321 2341
REVERSE FAIL 1321 2357
REVERSE FAIL 1321 2389
REVERSE FAIL 1321 2393
REVERSE FAIL 1321 2441
REVERSE FAIL 1321 2557
REVERSE FAIL 1321 2621
REVERSE FAIL 1321 2677
REVERSE FAIL 1321 2689
REVERSE FAIL 1321 2693
REVERSE FAIL 1321 2833
REVERSE FAIL 1321 2837
REVERSE FAIL 1321 2861
REVERSE FAIL 1321 2897
REVERSE FAIL 1321 2909
REVERSE FAIL 1321 2953
REVERSE FAIL 1321 2957
REVERSE FAIL 1321 2969
REVERSE FAIL 1361 1381
REVERSE FAIL 1361 1429
REVERSE FAIL 1361 1433
REVERSE FAIL 1361 1453
REVERSE FAIL 1361 1489
REVERSE FAIL 1361 1493
REVERSE FAIL 1361 1597
REVERSE FAIL 1361 1609
REVERSE FAIL 1361 1621
REVERSE FAIL 1361 1669
REVERSE FAIL 1361 1693
REVERSE FAIL 1361 1697
REVERSE FAIL 1361 1709
REVERSE FAIL 1361 1721
REVERSE FAIL 1361 1753
REVERSE FAIL 1361 1777
REVERSE FAIL 1361 1861
REVERSE FAIL 1361 1873
REVERSE FAIL 1361 1877
REVERSE FAIL 1361 1889
REVERSE FAIL 1361 1973
REVERSE FAIL 1361 1993
REVERSE FAIL 1361 2017
REVERSE FAIL 1361 2029
REVERSE FAIL 1361 2053
REVERSE FAIL 1361 2081
REVERSE FAIL 1361 2137
REVERSE FAIL 1361 2161
REVERSE FAIL 1361 2237
REVERSE FAIL 1361 2273
REVERSE FAIL 1361 2281
REVERSE FAIL 1361 2293
REVERSE FAIL 1361 2297
REVERSE FAIL 1361 2341
REVERSE FAIL 1361 2393
REVERSE FAIL 1361 2417
REVERSE FAIL 1361 2437
REVERSE FAIL 1361 2477
REVERSE FAIL 1361 2549
REVERSE FAIL 1361 2557
REVERSE FAIL 1361 2593
REVERSE FAIL 1361 2617
REVERSE FAIL 1361 2657
REVERSE FAIL 1361 2677
REVERSE FAIL 1361 2689
REVERSE FAIL 1361 2713
REVERSE FAIL 1361 2753
REVERSE FAIL 1361 2789
REVERSE FAIL 1361 2801
REVERSE FAIL 1361 2833
REVERSE FAIL 1361 2837
REVERSE FAIL 1409 1429
REVERSE FAIL 1409 1453
REVERSE FAIL 1409 1481
REVERSE FAIL 1409 1489
REVERSE FAIL 1409 1549
REVERSE FAIL 1409 1553
REVERSE FAIL 1409 1609
REVERSE FAIL 1409 1637
REVERSE FAIL 1409 1657
REVERSE FAIL 1409 1693
REVERSE FAIL 1409 1697
REVERSE FAIL 1409 1721
REVERSE FAIL 1409 1733
REVERSE FAIL 1409 1741
REVERSE FAIL 1409 1777
REVERSE FAIL 1409 1801
REVERSE FAIL 1409 1861
REVERSE FAIL 1409 1901
REVERSE FAIL 1409 1913
REVERSE FAIL 1409 1933
REVERSE FAIL 1409 1973
REVERSE FAIL 1409 2029
REVERSE FAIL 1409 2053
REVERSE FAIL 1409 2089
REVERSE FAIL 1409 2113
REVERSE FAIL 1409 2129
REVERSE FAIL 1409 2141
REVERSE FAIL 1409 2213
REVERSE FAIL 1409 2237
REVERSE FAIL 1409 2309
REVERSE FAIL 1409 2357
REVERSE FAIL 1409 2377
REVERSE FAIL 1409 2389
REVERSE FAIL 1409 2393
REVERSE FAIL 1409 2417
REVERSE FAIL 1409 2437
REVERSE FAIL 1409 2441
REVERSE FAIL 1409 2477
REVERSE FAIL 1409 2549
REVERSE FAIL 1409 2593
REVERSE FAIL 1409 2617
REVERSE FAIL 1409 2633
REVERSE FAIL 1409 2657
REVERSE FAIL 1409 2677
REVERSE FAIL 1409 2689
REVERSE FAIL 1409 2693
REVERSE FAIL 1409 2741
REVERSE FAIL 1409 2801
REVERSE FAIL 1409 2857
REVERSE FAIL 1409 2917
REVERSE FAIL 1409 2969
REVERSE FAIL 1433 1453
REVERSE FAIL 1433 1481
REVERSE FAIL 1433 1489
REVERSE FAIL 1433 1549
REVERSE FAIL 1433 1613
REVERSE FAIL 1433 1621
REVERSE FAIL 1433 1657
REVERSE FAIL 1433 1693
REVERSE FAIL 1433 1697
REVERSE FAIL 1433 1733
REVERSE FAIL 1433 1741
REVERSE FAIL 1433 1801
REVERSE FAIL 1433 1873
REVERSE FAIL 1433 1877
REVERSE FAIL 1433 1933
REVERSE FAIL 1433 1949
REVERSE FAIL 1433 2029
REVERSE FAIL 1433 2053
REVERSE FAIL 1433 2141
REVERSE FAIL 1433 2153
REVERSE FAIL 1433 2161
REVERSE FAIL 1433 2237
REVERSE FAIL 1433 2269
REVERSE FAIL 1433 2273
REVERSE FAIL 1433 2281
REVERSE FAIL 1433 2293
REVERSE FAIL 1433 2297
REVERSE FAIL 1433 2309
REVERSE FAIL 1433 2381
REVERSE FAIL 1433 2389
REVERSE FAIL 1433 2417
REVERSE FAIL 1433 2437
REVERSE FAIL 1433 2441
REVERSE FAIL 1433 2473
REVERSE FAIL 1433 2477
REVERSE FAIL 1433 2521
REVERSE FAIL 1433 2609
REVERSE FAIL 1433 2621
REVERSE FAIL 1433 2633
REVERSE FAIL 1433 2657
REVERSE FAIL 1433 2689
REVERSE FAIL 1433 2713
REVERSE FAIL 1433 2741
REVERSE FAIL 1433 2789
REVERSE FAIL 1433 2801
REVERSE FAIL 1433 2833
REVERSE FAIL 1433 2837
REVERSE FAIL 1433 2861
REVERSE FAIL 1433 2957
REVERSE FAIL 1433 2969
REVERSE FAIL 1481 1493
REVERSE FAIL 1481 1597
REVERSE FAIL 1481 1601
REVERSE FAIL 1481 1637
REVERSE FAIL 1481 1657
REVERSE FAIL 1481 1693
REVERSE FAIL 1481 1697
REVERSE FAIL 1481 1721
REVERSE FAIL 1481 1789
REVERSE FAIL 1481 1861
REVERSE FAIL 1481 1877
REVERSE FAIL 1481 1889
REVERSE FAIL 1481 1901
REVERSE FAIL 1481 1913
REVERSE FAIL 1481 1933
REVERSE FAIL 1481 1973
REVERSE FAIL 1481 2017
REVERSE FAIL 1481 2029
REVERSE FAIL 1481 2053
REVERSE FAIL 1481 2069
REVERSE FAIL 1481 2081
REVERSE FAIL 1481 2089
REVERSE FAIL 1481 2113
REVERSE FAIL 1481 2153
REVERSE FAIL 1481 2237
REVERSE FAIL 1481 2269
REVERSE FAIL 1481 2273
REVERSE FAIL 1481 2293
REVERSE FAIL 1481 2297
REVERSE FAIL 1481 2341
REVERSE FAIL 1481 2389
REVERSE FAIL 1481 2437
REVERSE FAIL 1481 2441
REVERSE FAIL 1481 2473
REVERSE FAIL 1481 2477
REVERSE FAIL 1481 2549
REVERSE FAIL 1481 2609
REVERSE FAIL 1481 2617
REVERSE FAIL 1481 2657
REVERSE FAIL 1481 2689
REVERSE FAIL 1481 2713
REVERSE FAIL 1481 2729
REVERSE FAIL 1481 2789
REVERSE FAIL 1481 2857
REVERSE FAIL 1481 2861
REVERSE FAIL 1481 2909
REVERSE FAIL 1489 1493
REVERSE FAIL 1489 1549
REVERSE FAIL 1489 1553
REVERSE FAIL 1489 1597
REVERSE FAIL 1489 1609
REVERSE FAIL 1489 1613
REVERSE FAIL 1489 1621
REVERSE FAIL 1489 1637
REVERSE FAIL 1489 1669
REVERSE FAIL 1489 1709
REVERSE FAIL 1489 1733
REVERSE FAIL 1489 1753
REVERSE FAIL 1489 1777
REVERSE FAIL 1489 1789
REVERSE FAIL 1489 1861
REVERSE FAIL 1489 1873
REVERSE FAIL 1489 1889
REVERSE FAIL 1489 1933
REVERSE FAIL 1489 1973
REVERSE FAIL 1489 2017
REVERSE FAIL 1489 2029
REVERSE FAIL 1489 2053
REVERSE FAIL 1489 2081
REVERSE FAIL 1489 2089
REVERSE FAIL 1489 2129
REVERSE FAIL 1489 2137
REVERSE FAIL 1489 2141
REVERSE FAIL 1489 2153
REVERSE FAIL 1489 2221
REVERSE FAIL 1489 2273
REVERSE FAIL 1489 2281
REVERSE FAIL 1489 2293
REVERSE FAIL 1489 2377
REVERSE FAIL 1489 2389
REVERSE FAIL 1489 2437
REVERSE FAIL 1489 2441
REVERSE FAIL 1489 2617
REVERSE FAIL 1489 2621
REVERSE FAIL 1489 2677
REVERSE FAIL 1489 2689
REVERSE FAIL 1489 2693
REVERSE FAIL 1489 2729
REVERSE FAIL 1489 2741
REVERSE FAIL 1489 2753
REVERSE FAIL 1489 2777
REVERSE FAIL 1489 2837
REVERSE FAIL 1489 2857
REVERSE FAIL 1489 2897
REVERSE FAIL 1489 2917
REVERSE FAIL 1489 2953
REVERSE FAIL 1489 2969
REVERSE FAIL 1553 1613
REVERSE FAIL 1553 1637
REVERSE FAIL 1553 1669
REVERSE FAIL 1553 1693
REVERSE FAIL 1553 1697
REVERSE FAIL 1553 1709
REVERSE FAIL 1553 1721
REVERSE FAIL 1553 1741
REVERSE FAIL 1553 1753
REVERSE FAIL 1553 1789
REVERSE FAIL 1553 1861
REVERSE FAIL 1553 1877
REVERSE FAIL 1553 1889
REVERSE FAIL 1553 1933
REVERSE FAIL 1553 1993
REVERSE FAIL 1553 2017
REVERSE FAIL 1553 2029
REVERSE FAIL 1553 2069
REVERSE FAIL 1553 2081
REVERSE FAIL 1553 2113
REVERSE FAIL 1553 2129
REVERSE FAIL 1553 2221
REVERSE FAIL 1553 2269
REVERSE FAIL 1553 2281
REVERSE FAIL 1553 2297
REVERSE FAIL 1553 2309
REVERSE FAIL 1553 2341
REVERSE FAIL 1553 2357
REVERSE FAIL 1553 2377
REVERSE FAIL 1553 2381
REVERSE FAIL 1553 2389
REVERSE FAIL 1553 2437
REVERSE FAIL 1553 2521
REVERSE FAIL 1553 2593
REVERSE FAIL 1553 2609
REVERSE FAIL 1553 2617
REVERSE FAIL 1553 2633
REVERSE FAIL 1553 2741
REVERSE FAIL 1553 2801
REVERSE FAIL 1553 2837
REVERSE FAIL 1553 2897
REVERSE FAIL 1553 2909
REVERSE FAIL 1553 2917
REVERSE FAIL 1553 2957
REVERSE FAIL 1601 1609
REVERSE FAIL 1601 1621
REVERSE FAIL 1601 1637
REVERSE FAIL 1601 1733
REVERSE FAIL 1601 1753
REVERSE FAIL 1601 1789
REVERSE FAIL 1601 1801
REVERSE FAIL 1601 1877
REVERSE FAIL 1601 1889
REVERSE FAIL 1601 1913
REVERSE FAIL 1601 1993
REVERSE FAIL 1601 2089
REVERSE FAIL 1601 2113
REVERSE FAIL 1601 2129
REVERSE FAIL 1601 2137
REVERSE FAIL 1601 2153
REVERSE FAIL 1601 2221
REVERSE FAIL 1601 2269
REVERSE FAIL 1601 2273
REVERSE FAIL 1601 2309
REVERSE FAIL 1601 2341
REVERSE FAIL 1601 2357
REVERSE FAIL 1601 2377
REVERSE FAIL 1601 2381
REVERSE FAIL 1601 2389
REVERSE FAIL 1601 2417
REVERSE FAIL 1601 2441
REVERSE FAIL 1601 2473
REVERSE FAIL 1601 2477
REVERSE FAIL 1601 2593
REVERSE FAIL 1601 2621
REVERSE FAIL 1601 2657
REVERSE FAIL 1601 2677
REVERSE FAIL 1601 2753
REVERSE FAIL 1601 2789
REVERSE FAIL 1601 2797
REVERSE FAIL 1601 2833
REVERSE FAIL 1601 2857
REVERSE FAIL 1601 2897
REVERSE FAIL 1601 2953
REVERSE FAIL 1601 2957
REVERSE FAIL 1601 2969
REVERSE FAIL 1609 1637
REVERSE FAIL 1609 1693
REVERSE FAIL 1609 1721
REVERSE FAIL 1609 1777
REVERSE FAIL 1609 1861
REVERSE FAIL 1609 1889
REVERSE FAIL 1609 1913
REVERSE FAIL 1609 1949
REVERSE FAIL 1609 1973
REVERSE FAIL 1609 1997
REVERSE FAIL 1609 2017
REVERSE FAIL 1609 2029
REVERSE FAIL 1609 2053
REVERSE FAIL 1609 2069
REVERSE FAIL 1609 2113
REVERSE FAIL 1609 2153
REVERSE FAIL 1609 2161
REVERSE FAIL 1609 2221
REVERSE FAIL 1609 2273
REVERSE FAIL 1609 2281
REVERSE FAIL 1609 2293
REVERSE FAIL 1609 2297
REVERSE FAIL 1609 2309
REVERSE FAIL 1609 2341
REVERSE FAIL 1609 2357
REVERSE FAIL 1609 2417
REVERSE FAIL 1609 2437
REVERSE FAIL 1609 2477
REVERSE FAIL 1609 2521
REVERSE FAIL 1609 2549
REVERSE FAIL 1609 2557
REVERSE FAIL 1609 2617
REVERSE FAIL 1609 2621
REVERSE FAIL 1609 2657
REVERSE FAIL 1609 2677
REVERSE FAIL 1609 2693
REVERSE FAIL 1609 2713
REVERSE FAIL 1609 2729
REVERSE FAIL 1609 2741
REVERSE FAIL 1609 2749
REVERSE FAIL 1609 2833
REVERSE FAIL 1609 2837
REVERSE FAIL 1609 2953
REVERSE FAIL 1609 2957
REVERSE FAIL 1609 2969
REVERSE FAIL 1657 1697
REVERSE FAIL 1657 1709
REVERSE FAIL 1657 1741
REVERSE FAIL 1657 1777
REVERSE FAIL 1657 1789
REVERSE FAIL 1657 1901
REVERSE FAIL 1657 1949
REVERSE FAIL 1657 1973
REVERSE FAIL 1657 1993
REVERSE FAIL 1657 2017
REVERSE FAIL 1657 2053
REVERSE FAIL 1657 2081
REVERSE FAIL 1657 2137
REVERSE FAIL 1657 2161
REVERSE FAIL 1657 2213
REVERSE FAIL 1657 2237
REVERSE FAIL 1657 2281
REVERSE FAIL 1657 2293
REVERSE FAIL 1657 2297
REVERSE FAIL 1657 2309
REVERSE FAIL 1657 2357
REVERSE FAIL 1657 2377
REVERSE FAIL 1657 2381
REVERSE FAIL 1657 2389
REVERSE FAIL 1657 2417
REVERSE FAIL 1657 2549
REVERSE FAIL 1657 2593
REVERSE FAIL 1657 2609
REVERSE FAIL 1657 2617
REVERSE FAIL 1657 2633
REVERSE FAIL 1657 2657
REVERSE FAIL 1657 2677
REVERSE FAIL 1657 2713
REVERSE FAIL 1657 2753
REVERSE FAIL 1657 2789
REVERSE FAIL 1657 2797
REVERSE FAIL 1657 2837
REVERSE FAIL 1657 2861
REVERSE FAIL 1657 2897
REVERSE FAIL 1657 2909
REVERSE FAIL 1657 2957
REVERSE FAIL 1657 2969
REVERSE FAIL 1697 1733
REVERSE FAIL 1697 1741
REVERSE FAIL 1697 1789
REVERSE FAIL 1697 1861
REVERSE FAIL 1697 1873
REVERSE FAIL 1697 1901
REVERSE FAIL 1697 1933
REVERSE FAIL 1697 2029
REVERSE FAIL 1697 2069
REVERSE FAIL 1697 2089
REVERSE FAIL 1697 2141
REVERSE FAIL 1697 2213
REVERSE FAIL 1697 2221
REVERSE FAIL 1697 2237
REVERSE FAIL 1697 2273
REVERSE FAIL 1697 2281
REVERSE FAIL 1697 2357
REVERSE FAIL 1697 2377
REVERSE FAIL 1697 2381
REVERSE FAIL 1697 2389
REVERSE FAIL 1697 2393
REVERSE FAIL 1697 2437
REVERSE FAIL 1697 2441
REVERSE FAIL 1697 2473
REVERSE FAIL 1697 2521
REVERSE FAIL 1697 2557
REVERSE FAIL 1697 2621
REVERSE FAIL 1697 2657
REVERSE FAIL 1697 2729
REVERSE FAIL 1697 2777
REVERSE FAIL 1697 2797
REVERSE FAIL 1697 2833
REVERSE FAIL 1697 2837
REVERSE FAIL 1697 2857
REVERSE FAIL 1697 2917
REVERSE FAIL 1697 2953
REVERSE FAIL 1697 2957
REVERSE FAIL 1721 1733
REVERSE FAIL 1721 1777
REVERSE FAIL 1721 1861
REVERSE FAIL 1721 1913
REVERSE FAIL 1721 1949
REVERSE FAIL 1721 1973
REVERSE FAIL 1721 2017
REVERSE FAIL 1721 2029
REVERSE FAIL 1721 2089
REVERSE FAIL 1721 2129
REVERSE FAIL 1721 2137
REVERSE FAIL 1721 2153
REVERSE FAIL 1721 2213
REVERSE FAIL 1721 2237
REVERSE FAIL 1721 2281
REVERSE FAIL 1721 2293
REVERSE FAIL 1721 2309
REVERSE FAIL 1721 2357
REVERSE FAIL 1721 2381
REVERSE FAIL 1721 2389
REVERSE FAIL 1721 2473
REVERSE FAIL 1721 2549
REVERSE FAIL 1721 2593
REVERSE FAIL 1721 2617
REVERSE FAIL 1721 2633
REVERSE FAIL 1721 2657
REVERSE FAIL 1721 2693
REVERSE FAIL 1721 2729
REVERSE FAIL 1721 2741
REVERSE FAIL 1721 2749
REVERSE FAIL 1721 2753
REVERSE FAIL 1721 2777
REVERSE FAIL 1721 2797
REVERSE FAIL 1721 2801
REVERSE FAIL 1721 2833
REVERSE FAIL 1721 2857
REVERSE FAIL 1721 2861
REVERSE FAIL 1721 2897
REVERSE FAIL 1721 2909
REVERSE FAIL 1721 2953
REVERSE FAIL 1753 1873
REVERSE FAIL 1753 1877
REVERSE FAIL 1753 1901
REVERSE FAIL 1753 1913
REVERSE FAIL 1753 1933
REVERSE FAIL 1753 1973
REVERSE FAIL 1753 1993
REVERSE FAIL 1753 2029
REVERSE FAIL 1753 2069
REVERSE FAIL 1753 2089
REVERSE FAIL 1753 2113
REVERSE FAIL 1753 2141
REVERSE FAIL 1753 2221
REVERSE FAIL 1753 2269
REVERSE FAIL 1753 2293
REVERSE FAIL 1753 2309
REVERSE FAIL 1753 2333
REVERSE FAIL 1753 2357
REVERSE FAIL 1753 2377
REVERSE FAIL 1753 2381
REVERSE FAIL 1753 2393
REVERSE FAIL 1753 2441
REVERSE FAIL 1753 2473
REVERSE FAIL 1753 2477
REVERSE FAIL 1753 2557
REVERSE FAIL 1753 2633
REVERSE FAIL 1753 2657
REVERSE FAIL 1753 2677
REVERSE FAIL 1753 2689
REVERSE FAIL 1753 2693
REVERSE FAIL 1753 2713
REVERSE FAIL 1753 2741
REVERSE FAIL 1753 2753
REVERSE FAIL 1753 2801
REVERSE FAIL 1753 2833
REVERSE FAIL 1753 2837
REVERSE FAIL 1753 2857
REVERSE FAIL 1753 2917
REVERSE FAIL 1777 1789
REVERSE FAIL 1777 1801
REVERSE FAIL 1777 1873
REVERSE FAIL 1777 1877
REVERSE FAIL 1777 1901
REVERSE FAIL 1777 1913
REVERSE FAIL 1777 1933
REVERSE FAIL 1777 1949
REVERSE FAIL 1777 1973
REVERSE FAIL 1777 1993
REVERSE FAIL 1777 1997
REVERSE FAIL 1777 2053
REVERSE FAIL 1777 2069
REVERSE FAIL 1777 2089
REVERSE FAIL 1777 2161
REVERSE FAIL 1777 2221
REVERSE FAIL 1777 2273
REVERSE FAIL 1777 2293
REVERSE FAIL 1777 2309
REVERSE FAIL 1777 2357
REVERSE FAIL 1777 2377
REVERSE FAIL 1777 2381
REVERSE FAIL 1777 2389
REVERSE FAIL 1777 2393
REVERSE FAIL 1777 2521
REVERSE FAIL 1777 2593
REVERSE FAIL 1777 2609
REVERSE FAIL 1777 2617
REVERSE FAIL 1777 2657
REVERSE FAIL 1777 2677
REVERSE FAIL 1777 2693
REVERSE FAIL 1777 2713
REVERSE FAIL 1777 2741
REVERSE FAIL 1777 2749
REVERSE FAIL 1777 2801
REVERSE FAIL 1777 2861
REVERSE FAIL 1777 2897
REVERSE FAIL 1777 2917
REVERSE FAIL 1777 2953
REVERSE FAIL 1801 1877
REVERSE FAIL 1801 1889
REVERSE FAIL 1801 1933
REVERSE FAIL 1801 2029
REVERSE FAIL 1801 2113
REVERSE FAIL 1801 2129
REVERSE FAIL 1801 2153
REVERSE FAIL 1801 2237
REVERSE FAIL 1801 2269
REVERSE FAIL 1801 2273
REVERSE FAIL 1801 2293
REVERSE FAIL 1801 2297
REVERSE FAIL 1801 2309
REVERSE FAIL 1801 2333
REVERSE FAIL 1801 2357
REVERSE FAIL 1801 2381
REVERSE FAIL 1801 2417
REVERSE FAIL 1801 2549
REVERSE FAIL 1801 2593
REVERSE FAIL 1801 2621
REVERSE FAIL 1801 2633
REVERSE FAIL 1801 2713
REVERSE FAIL 1801 2729
REVERSE FAIL 1801 2741
REVERSE FAIL 1801 2749
REVERSE FAIL 1801 2777
REVERSE FAIL 1801 2797
REVERSE FAIL 1801 2857
REVERSE FAIL 1801 2897
REVERSE FAIL 1801 2909
REVERSE FAIL 1801 2917
REVERSE FAIL 1873 1877
REVERSE FAIL 1873 1889
REVERSE FAIL 1873 1901
REVERSE FAIL 1873 1949
REVERSE FAIL 1873 1973
REVERSE FAIL 1873 2017
REVERSE FAIL 1873 2029
REVERSE FAIL 1873 2069
REVERSE FAIL 1873 2081
REVERSE FAIL 1873 2089
REVERSE FAIL 1873 2129
REVERSE FAIL 1873 2137
REVERSE FAIL 1873 2141
REVERSE FAIL 1873 2161
REVERSE FAIL 1873 2213
REVERSE FAIL 1873 2237
REVERSE FAIL 1873 2269
REVERSE FAIL 1873 2273
REVERSE FAIL 1873 2309
REVERSE FAIL 1873 2333
REVERSE FAIL 1873 2341
REVERSE FAIL 1873 2357
REVERSE FAIL 1873 2377
REVERSE FAIL 1873 2389
REVERSE FAIL 1873 2441
REVERSE FAIL 1873 2473
REVERSE FAIL 1873 2521
REVERSE FAIL 1873 2549
REVERSE FAIL 1873 2557
REVERSE FAIL 1873 2657
REVERSE FAIL 1873 2677
REVERSE FAIL 1873 2693
REVERSE FAIL 1873 2749
REVERSE FAIL 1873 2797
REVERSE FAIL 1873 2861
REVERSE FAIL 1873 2897
REVERSE FAIL 1873 2957
REVERSE FAIL 1889 1973
REVERSE FAIL 1889 1993
REVERSE FAIL 1889 2017
REVERSE FAIL 1889 2069
REVERSE FAIL 1889 2089
REVERSE FAIL 1889 2153
REVERSE FAIL 1889 2161
REVERSE FAIL 1889 2213
REVERSE FAIL 1889 2221
REVERSE FAIL 1889 2281
REVERSE FAIL 1889 2293
REVERSE FAIL 1889 2309
REVERSE FAIL 1889 2333
REVERSE FAIL 1889 2341
REVERSE FAIL 1889 2357
REVERSE FAIL 1889 2381
REVERSE FAIL 1889 2389
REVERSE FAIL 1889 2417
REVERSE FAIL 1889 2473
REVERSE FAIL 1889 2521
REVERSE FAIL 1889 2549
REVERSE FAIL 1889 2609
REVERSE FAIL 1889 2621
REVERSE FAIL 1889 2633
REVERSE FAIL 1889 2677
REVERSE FAIL 1889 2689
REVERSE FAIL 1889 2693
REVERSE FAIL 1889 2729
REVERSE FAIL 1889 2749
REVERSE FAIL 1889 2777
REVERSE FAIL 1889 2789
REVERSE FAIL 1889 2797
REVERSE FAIL 1889 2801
REVERSE FAIL 1889 2833
REVERSE FAIL 1889 2857
REVERSE FAIL 1889 2953
REVERSE FAIL 1913 1933
REVERSE FAIL 1913 1993
REVERSE FAIL 1913 1997
REVERSE FAIL 1913 2017
REVERSE FAIL 1913 2053
REVERSE FAIL 1913 2081
REVERSE FAIL 1913 2089
REVERSE FAIL 1913 2129
REVERSE FAIL 1913 2161
REVERSE FAIL 1913 2213
REVERSE FAIL 1913 2221
REVERSE FAIL 1913 2273
REVERSE FAIL 1913 2297
REVERSE FAIL 1913 2309
REVERSE FAIL 1913 2341
REVERSE FAIL 1913 2357
REVERSE FAIL 1913 2381
REVERSE FAIL 1913 2437
REVERSE FAIL 1913 2473
REVERSE FAIL 1913 2521
REVERSE FAIL 1913 2593
REVERSE FAIL 1913 2609
REVERSE FAIL 1913 2617
REVERSE FAIL 1913 2621
REVERSE FAIL 1913 2633
REVERSE FAIL 1913 2693
REVERSE FAIL 1913 2729
REVERSE FAIL 1913 2777
REVERSE FAIL 1913 2797
REVERSE FAIL 1913 2801
REVERSE FAIL 1913 2833
REVERSE FAIL 1913 2909
REVERSE FAIL 1993 2053
REVERSE FAIL 1993 2081
REVERSE FAIL 1993 2113
REVERSE FAIL 1993 2141
REVERSE FAIL 1993 2153
REVERSE FAIL 1993 2161
REVERSE FAIL 1993 2269
REVERSE FAIL 1993 2333
REVERSE FAIL 1993 2341
REVERSE FAIL 1993 2357
REVERSE FAIL 1993 2389
REVERSE FAIL 1993 2437
REVERSE FAIL 1993 2441
REVERSE FAIL 1993 2473
REVERSE FAIL 1993 2521
REVERSE FAIL 1993 2557
REVERSE FAIL 1993 2633
REVERSE FAIL 1993 2689
REVERSE FAIL 1993 2693
REVERSE FAIL 1993 2713
REVERSE FAIL 1993 2729
REVERSE FAIL 1993 2741
REVERSE FAIL 1993 2749
REVERSE FAIL 1993 2753
REVERSE FAIL 1993 2789
REVERSE FAIL 1993 2797
REVERSE FAIL 1993 2801
REVERSE FAIL 1993 2837
REVERSE FAIL 1993 2861
REVERSE FAIL 1993 2953
REVERSE FAIL 1993 2957
REVERSE FAIL 2017 2029
REVERSE FAIL 2017 2053
REVERSE FAIL 2017 2081
REVERSE FAIL 2017 2089
REVERSE FAIL 2017 2113
REVERSE FAIL 2017 2129
REVERSE FAIL 2017 2141
REVERSE FAIL 2017 2161
REVERSE FAIL 2017 2269
REVERSE FAIL 2017 2273
REVERSE FAIL 2017 2281
REVERSE FAIL 2017 2293
REVERSE FAIL 2017 2309
REVERSE FAIL 2017 2333
REVERSE FAIL 2017 2341
REVERSE FAIL 2017 2357
REVERSE FAIL 2017 2389
REVERSE FAIL 2017 2417
REVERSE FAIL 2017 2521
REVERSE FAIL 2017 2593
REVERSE FAIL 2017 2617
REVERSE FAIL 2017 2633
REVERSE FAIL 2017 2689
REVERSE FAIL 2017 2693
REVERSE FAIL 2017 2713
REVERSE FAIL 2017 2749
REVERSE FAIL 2017 2753
REVERSE FAIL 2017 2777
REVERSE FAIL 2017 2797
REVERSE FAIL 2017 2801
REVERSE FAIL 2017 2917
REVERSE FAIL 2017 2957
REVERSE FAIL 2081 2089
REVERSE FAIL 2081 2113
REVERSE FAIL 2081 2137
REVERSE FAIL 2081 2153
REVERSE FAIL 2081 2161
REVERSE FAIL 2081 2213
REVERSE FAIL 2081 2221
REVERSE FAIL 2081 2281
REVERSE FAIL 2081 2309
REVERSE FAIL 2081 2333
REVERSE FAIL 2081 2341
REVERSE FAIL 2081 2357
REVERSE FAIL 2081 2377
REVERSE FAIL 2081 2437
REVERSE FAIL 2081 2441
REVERSE FAIL 2081 2473
REVERSE FAIL 2081 2549
REVERSE FAIL 2081 2593
REVERSE FAIL 2081 2609
REVERSE FAIL 2081 2617
REVERSE FAIL 2081 2633
REVERSE FAIL 2081 2657
REVERSE FAIL 2081 2677
REVERSE FAIL 2081 2729
REVERSE FAIL 2081 2741
REVERSE FAIL 2081 2749
REVERSE FAIL 2081 2801
REVERSE FAIL 2081 2857
REVERSE FAIL 2081 2897
REVERSE FAIL 2081 2917
REVERSE FAIL 2089 2213
REVERSE FAIL 2089 2221
REVERSE FAIL 2089 2237
REVERSE FAIL 2089 2273
REVERSE FAIL 2089 2309
REVERSE FAIL 2089 2341
REVERSE FAIL 2089 2357
REVERSE FAIL 2089 2381
REVERSE FAIL 2089 2393
REVERSE FAIL 2089 2441
REVERSE FAIL 2089 2477
REVERSE FAIL 2089 2549
REVERSE FAIL 2089 2593
REVERSE FAIL 2089 2617
REVERSE FAIL 2089 2693
REVERSE FAIL 2089 2749
REVERSE FAIL 2089 2753
REVERSE FAIL 2089 2789
REVERSE FAIL 2089 2797
REVERSE FAIL 2089 2833
REVERSE FAIL 2089 2837
REVERSE FAIL 2089 2861
REVERSE FAIL 2089 2897
REVERSE FAIL 2089 2917
REVERSE FAIL 2089 2969
REVERSE FAIL 2113 2129
REVERSE FAIL 2113 2137
REVERSE FAIL 2113 2161
REVERSE FAIL 2113 2213
REVERSE FAIL 2113 2221
REVERSE FAIL 2113 2237
REVERSE FAIL 2113 2309
REVERSE FAIL 2113 2341
REVERSE FAIL 2113 2357
REVERSE FAIL 2113 2377
REVERSE FAIL 2113 2381
REVERSE FAIL 2113 2393
REVERSE FAIL 2113 2417
REVERSE FAIL 2113 2437
REVERSE FAIL 2113 2477
REVERSE FAIL 2113 2557
REVERSE FAIL 2113 2609
REVERSE FAIL 2113 2621
REVERSE FAIL 2113 2633
REVERSE FAIL 2113 2689
REVERSE FAIL 2113 2713
REVERSE FAIL 2113 2749
REVERSE FAIL 2113 2777
REVERSE FAIL 2113 2789
REVERSE FAIL 2113 2797
REVERSE FAIL 2113 2801
REVERSE FAIL 2113 2837
REVERSE FAIL 2113 2857
REVERSE FAIL 2113 2897
REVERSE FAIL 2113 2909
REVERSE FAIL 2113 2917
REVERSE FAIL 2113 2953
REVERSE FAIL 2129 2137
REVERSE FAIL 2129 2161
REVERSE FAIL 2129 2221
REVERSE FAIL 2129 2269
REVERSE FAIL 2129 2273
REVERSE FAIL 2129 2281
REVERSE FAIL 2129 2309
REVERSE FAIL 2129 2341
REVERSE FAIL 2129 2381
REVERSE FAIL 2129 2389
REVERSE FAIL 2129 2393
REVERSE FAIL 2129 2417
REVERSE FAIL 2129 2477
REVERSE FAIL 2129 2521
REVERSE FAIL 2129 2621
REVERSE FAIL 2129 2633
REVERSE FAIL 2129 2657
REVERSE FAIL 2129 2677
REVERSE FAIL 2129 2713
REVERSE FAIL 2129 2741
REVERSE FAIL 2129 2777
REVERSE FAIL 2129 2789
REVERSE FAIL 2129 2857
REVERSE FAIL 2129 2861
REVERSE FAIL 2129 2957
REVERSE FAIL 2137 2273
REVERSE FAIL 2137 2293
REVERSE FAIL 2137 2297
REVERSE FAIL 2137 2309
REVERSE FAIL 2137 2341
REVERSE FAIL 2137 2357
REVERSE FAIL 2137 2377
REVERSE FAIL 2137 2381
REVERSE FAIL 2137 2417
REVERSE FAIL 2137 2549
REVERSE FAIL 2137 2557
REVERSE FAIL 2137 2609
REVERSE FAIL 2137 2617
REVERSE FAIL 2137 2633
REVERSE FAIL 2137 2677
REVERSE FAIL 2137 2689
REVERSE FAIL 2137 2741
REVERSE FAIL 2137 2749
REVERSE FAIL 2137 2777
REVERSE FAIL 2137 2789
REVERSE FAIL 2137 2797
REVERSE FAIL 2137 2801
REVERSE FAIL 2137 2857
REVERSE FAIL 2137 2861
REVERSE FAIL 2137 2897
REVERSE FAIL 2137 2953
REVERSE FAIL 2137 2957
REVERSE FAIL 2137 2969
REVERSE FAIL 2153 2221
REVERSE FAIL 2153 2237
REVERSE FAIL 2153 2293
REVERSE FAIL 2153 2333
REVERSE FAIL 2153 2341
REVERSE FAIL 2153 2381
REVERSE FAIL 2153 2437
REVERSE FAIL 2153 2473
REVERSE FAIL 2153 2521
REVERSE FAIL 2153 2549
REVERSE FAIL 2153 2557
REVERSE FAIL 2153 2609
REVERSE FAIL 2153 2621
REVERSE FAIL 2153 2677
REVERSE FAIL 2153 2713
REVERSE FAIL 2153 2741
REVERSE FAIL 2153 2753
REVERSE FAIL 2153 2797
REVERSE FAIL 2153 2857
REVERSE FAIL 2153 2861
REVERSE FAIL 2153 2897
REVERSE FAIL 2153 2909
REVERSE FAIL 2153 2957
REVERSE FAIL 2161 2213
REVERSE FAIL 2161 2221
REVERSE FAIL 2161 2269
REVERSE FAIL 2161 2281
REVERSE FAIL 2161 2293
REVERSE FAIL 2161 2297
REVERSE FAIL 2161 2333
REVERSE FAIL 2161 2341
REVERSE FAIL 2161 2357
REVERSE FAIL 2161 2377
REVERSE FAIL 2161 2381
REVERSE FAIL 2161 2417
REVERSE FAIL 2161 2473
REVERSE FAIL 2161 2521
REVERSE FAIL 2161 2549
REVERSE FAIL 2161 2557
REVERSE FAIL 2161 2593
REVERSE FAIL 2161 2677
REVERSE FAIL 2161 2689
REVERSE FAIL 2161 2693
REVERSE FAIL 2161 2749
REVERSE FAIL 2161 2789
REVERSE FAIL 2161 2801
REVERSE FAIL 2161 2837
REVERSE FAIL 2161 2909
REVERSE FAIL 2161 2953
REVERSE FAIL 2273 2281
REVERSE FAIL 2273 2309
REVERSE FAIL 2273 2333
REVERSE FAIL 2273 2357
REVERSE FAIL 2273 2393
REVERSE FAIL 2273 2417
REVERSE FAIL 2273 2437
REVERSE FAIL 2273 2441
REVERSE FAIL 2273 2473
REVERSE FAIL 2273 2477
REVERSE FAIL 2273 2521
REVERSE FAIL 2273 2549
REVERSE FAIL 2273 2557
REVERSE FAIL 2273 2609
REVERSE FAIL 2273 2621
REVERSE FAIL 2273 2713
REVERSE FAIL 2273 2729
REVERSE FAIL 2273 2749
REVERSE FAIL 2273 2753
REVERSE FAIL 2273 2789
REVERSE FAIL 2273 2797
REVERSE FAIL 2273 2801
REVERSE FAIL 2273 2833
REVERSE FAIL 2273 2897
REVERSE FAIL 2273 2917
REVERSE FAIL 2273 2953
REVERSE FAIL 2273 2969
REVERSE FAIL 2281 2309
REVERSE FAIL 2281 2333
REVERSE FAIL 2281 2393
REVERSE FAIL 2281 2417
REVERSE FAIL 2281 2437
REVERSE FAIL 2281 2549
REVERSE FAIL 2281 2593
REVERSE FAIL 2281 2609
REVERSE FAIL 2281 2617
REVERSE FAIL 2281 2621
REVERSE FAIL 2281 2689
REVERSE FAIL 2281 2729
REVERSE FAIL 2281 2749
REVERSE FAIL 2281 2753
REVERSE FAIL 2281 2797
REVERSE FAIL 2281 2801
REVERSE FAIL 2281 2861
REVERSE FAIL 2281 2897
REVERSE FAIL 2281 2909
REVERSE FAIL 2281 2917
REVERSE FAIL 2281 2953
REVERSE FAIL 2281 2969
REVERSE FAIL 2297 2309
REVERSE FAIL 2297 2377
REVERSE FAIL 2297 2381
REVERSE FAIL 2297 2389
REVERSE FAIL 2297 2393
REVERSE FAIL 2297 2437
REVERSE FAIL 2297 2477
REVERSE FAIL 2297 2557
REVERSE FAIL 2297 2609
REVERSE FAIL 2297 2617
REVERSE FAIL 2297 2633
REVERSE FAIL 2297 2657
REVERSE FAIL 2297 2677
REVERSE FAIL 2297 2729
REVERSE FAIL 2297 2741
REVERSE FAIL 2297 2749
REVERSE FAIL 2297 2753
REVERSE FAIL 2297 2789
REVERSE FAIL 2297 2797
REVERSE FAIL 2297 2857
REVERSE FAIL 2297 2897
REVERSE FAIL 2297 2969
REVERSE FAIL 2377 2417
REVERSE FAIL 2377 2437
REVERSE FAIL 2377 2549
REVERSE FAIL 2377 2557
REVERSE FAIL 2377 2617
REVERSE FAIL 2377 2621
REVERSE FAIL 2377 2657
REVERSE FAIL 2377 2689
REVERSE FAIL 2377 2693
REVERSE FAIL 2377 2741
REVERSE FAIL 2377 2749
REVERSE FAIL 2377 2797
REVERSE FAIL 2377 2801
REVERSE FAIL 2377 2833
REVERSE FAIL 2377 2837
REVERSE FAIL 2377 2857
REVERSE FAIL 2377 2909
REVERSE FAIL 2377 2917
REVERSE FAIL 2377 2957
REVERSE FAIL 2393 2417
REVERSE FAIL 2393 2437
REVERSE FAIL 2393 2441
REVERSE FAIL 2393 2473
REVERSE FAIL 2393 2549
REVERSE FAIL 2393 2557
REVERSE FAIL 2393 2609
REVERSE FAIL 2393 2617
REVERSE FAIL 2393 2693
REVERSE FAIL 2393 2713
REVERSE FAIL 2393 2753
REVERSE FAIL 2393 2777
REVERSE FAIL 2393 2789
REVERSE FAIL 2393 2801
REVERSE FAIL 2393 2837
REVERSE FAIL 2393 2857
REVERSE FAIL 2393 2897
REVERSE FAIL 2417 2473
REVERSE FAIL 2417 2477
REVERSE FAIL 2417 2521
REVERSE FAIL 2417 2549
REVERSE FAIL 2417 2617
REVERSE FAIL 2417 2621
REVERSE FAIL 2417 2657
REVERSE FAIL 2417 2713
REVERSE FAIL 2417 2741
REVERSE FAIL 2417 2749
REVERSE FAIL 2417 2789
REVERSE FAIL 2417 2833
REVERSE FAIL 2417 2837
REVERSE FAIL 2417 2857
REVERSE FAIL 2417 2897
REVERSE FAIL 2417 2957
REVERSE FAIL 2441 2549
REVERSE FAIL 2441 2617
REVERSE FAIL 2441 2633
REVERSE FAIL 2441 2657
REVERSE FAIL 2441 2689
REVERSE FAIL 2441 2693
REVERSE FAIL 2441 2713
REVERSE FAIL 2441 2741
REVERSE FAIL 2441 2753
REVERSE FAIL 2441 2789
REVERSE FAIL 2441 2797
REVERSE FAIL 2441 2837
REVERSE FAIL 2441 2897
REVERSE FAIL 2473 2549
REVERSE FAIL 2473 2593
REVERSE FAIL 2473 2621
REVERSE FAIL 2473 2633
REVERSE FAIL 2473 2693
REVERSE FAIL 2473 2713
REVERSE FAIL 2473 2741
REVERSE FAIL 2473 2753
REVERSE FAIL 2473 2777
REVERSE FAIL 2473 2789
REVERSE FAIL 2473 2801
REVERSE FAIL 2473 2833
REVERSE FAIL 2473 2897
REVERSE FAIL 2473 2917
REVERSE FAIL 2473 2953
REVERSE FAIL 2473 2969
REVERSE FAIL 2521 2609
REVERSE FAIL 2521 2657
REVERSE FAIL 2521 2693
REVERSE FAIL 2521 2741
REVERSE FAIL 2521 2749
REVERSE FAIL 2521 2753
REVERSE FAIL 2521 2789
REVERSE FAIL 2521 2797
REVERSE FAIL 2521 2861
REVERSE FAIL 2521 2897
REVERSE FAIL 2521 2917
REVERSE FAIL 2521 2957
REVERSE FAIL 2593 2609
REVERSE FAIL 2593 2617
REVERSE FAIL 2593 2657
REVERSE FAIL 2593 2689
REVERSE FAIL 2593 2693
REVERSE FAIL 2593 2729
REVERSE FAIL 2593 2741
REVERSE FAIL 2593 2789
REVERSE FAIL 2593 2797
REVERSE FAIL 2593 2861
REVERSE FAIL 2593 2897
REVERSE FAIL 2593 2909
REVERSE FAIL 2593 2917
REVERSE FAIL 2593 2957
REVERSE FAIL 2593 2969
REVERSE FAIL 2609 2617
REVERSE FAIL 2609 2677
REVERSE FAIL 2609 2689
REVERSE FAIL 2609 2693
REVERSE FAIL 2609 2713
REVERSE FAIL 2609 2741
REVERSE FAIL 2609 2753
REVERSE FAIL 2609 2777
REVERSE FAIL 2609 2789
REVERSE FAIL 2609 2797
REVERSE FAIL 2609 2857
REVERSE FAIL 2609 2897
REVERSE FAIL 2609 2917
REVERSE FAIL 2609 2969
REVERSE FAIL 2617 2657
REVERSE FAIL 2617 2677
REVERSE FAIL 2617 2693
REVERSE FAIL 2617 2729
REVERSE FAIL 2617 2741
REVERSE FAIL 2617 2749
REVERSE FAIL 2617 2777
REVERSE FAIL 2617 2789
REVERSE FAIL 2617 2797
REVERSE FAIL 2617 2857
REVERSE FAIL 2617 2861
REVERSE FAIL 2617 2909
REVERSE FAIL 2617 2953
REVERSE FAIL 2617 2957
REVERSE FAIL 2617 2969
REVERSE FAIL 2633 2657
REVERSE FAIL 2633 2713
REVERSE FAIL 2633 2729
REVERSE FAIL 2633 2741
REVERSE FAIL 2633 2801
REVERSE FAIL 2633 2837
REVERSE FAIL 2633 2861
REVERSE FAIL 2633 2897
REVERSE FAIL 2633 2953
REVERSE FAIL 2633 2969
REVERSE FAIL 2657 2689
REVERSE FAIL 2657 2693
REVERSE FAIL 2657 2713
REVERSE FAIL 2657 2729
REVERSE FAIL 2657 2749
REVERSE FAIL 2657 2777
REVERSE FAIL 2657 2789
REVERSE FAIL 2657 2801
REVERSE FAIL 2657 2857
REVERSE FAIL 2657 2861
REVERSE FAIL 2657 2897
REVERSE FAIL 2657 2909
REVERSE FAIL 2657 2917
REVERSE FAIL 2657 2953
REVERSE FAIL 2657 2969
REVERSE FAIL 2689 2693
REVERSE FAIL 2689 2713
REVERSE FAIL 2689 2729
REVERSE FAIL 2689 2749
REVERSE FAIL 2689 2753
REVERSE FAIL 2689 2777
REVERSE FAIL 2689 2789
REVERSE FAIL 2689 2797
REVERSE FAIL 2689 2801
REVERSE FAIL 2689 2833
REVERSE FAIL 2689 2837
REVERSE FAIL 2689 2857
REVERSE FAIL 2689 2861
REVERSE FAIL 2689 2909
REVERSE FAIL 2689 2953
REVERSE FAIL 2689 2957
REVERSE FAIL 2689 2969
REVERSE FAIL 2713 2753
REVERSE FAIL 2713 2789
REVERSE FAIL 2713 2801
REVERSE FAIL 2713 2833
REVERSE FAIL 2713 2897
REVERSE FAIL 2713 2917
REVERSE FAIL 2713 2953
REVERSE FAIL 2713 2957
REVERSE FAIL 2729 2741
REVERSE FAIL 2729 2753
REVERSE FAIL 2729 2777
REVERSE FAIL 2729 2789
REVERSE FAIL 2729 2837
REVERSE FAIL 2729 2861
REVERSE FAIL 2729 2953
REVERSE FAIL 2753 2789
REVERSE FAIL 2753 2797
REVERSE FAIL 2753 2857
REVERSE FAIL 2753 2897
REVERSE FAIL 2753 2953
REVERSE FAIL 2777 2789
REVERSE FAIL 2777 2797
REVERSE FAIL 2777 2801
REVERSE FAIL 2777 2833
REVERSE FAIL 2777 2857
REVERSE FAIL 2777 2909
REVERSE FAIL 2777 2957
REVERSE FAIL 2777 2969
REVERSE FAIL 2801 2833
REVERSE FAIL 2801 2837
REVERSE FAIL 2801 2857
REVERSE FAIL 2801 2957
REVERSE FAIL 2833 2837
REVERSE FAIL 2833 2857
REVERSE FAIL 2833 2897
REVERSE FAIL 2857 2897
REVERSE FAIL 2857 2917
REVERSE FAIL 2897 2957
REVERSE FAIL 2897 2969
reverse direction: 5148 coset pairs tested, failures=4966 FAIL
p==5 mod 8: 11823 pairs, hits=0 (expect 0)
root-count check (expect 4 roots iff q in coset):
root-count failures=0 over min(40,len) coset pairs PASS
=== 2. K2/K11 death verification ===
pairs=53956; 0<R_p<p^2 violations=0; q|Y_q hits=0; K2 hits=0; K11 hits=0
K2 proof chain: K2 => v_q(R_p)=2 => q^2|R_p, but 0<R_p<p^2<q^2: IMPOSSIBLE
=== 3. Wieferich census: p^2 | R_q, p<q<=1e5 ===
WIEFERICH p^2|R_q: 17 569 R_q/p^2 = 751  logratio K1 = 0.405798
WIEFERICH p^2|R_q: 17 661 R_q/p^2 = 889  logratio K1 = 0.188528
WIEFERICH p^2|R_q: 41 1741 R_q/p^2 = 1799  logratio K1 = 2.53506
WIEFERICH p^2|R_q: 17 1753 R_q/p^2 = 10031  logratio K1 = 1.552379
WIEFERICH p^2|R_q: 17 2393 R_q/p^2 = 18991  logratio K1 = 1.719014
WIEFERICH p^2|R_q: 17 3209 R_q/p^2 = 4529  logratio K1 = 1.547243
WIEFERICH p^2|R_q: 17 3761 R_q/p^2 = 5311  logratio K1 = 1.707637
WIEFERICH p^2|R_q: 17 6581 R_q/p^2 = 78151  logratio K1 = 0.014997
WIEFERICH p^2|R_q: 17 6949 R_q/p^2 = 125209  logratio K1 = 0.631058
WIEFERICH p^2|R_q: 17 7853 R_q/p^2 = 204631  logratio K1 = 1.725781
WIEFERICH p^2|R_q: 41 8009 R_q/p^2 = 11201  logratio K1 = 1.335432
WIEFERICH p^2|R_q: 41 8821 R_q/p^2 = 12361  logratio K1 = 1.438089
WIEFERICH p^2|R_q: 113 9161 R_q/p^2 = 2191  logratio K1 = 1.681563
WIEFERICH p^2|R_q: 17 10133 R_q/p^2 = 214649  logratio K1 = 0.230511
WIEFERICH p^2|R_q: 89 11969 R_q/p^2 = 14959  logratio K1 = 0.841
WIEFERICH p^2|R_q: 17 12329 R_q/p^2 = 524431  logratio K1 = 3.076871
WIEFERICH p^2|R_q: 17 15241 R_q/p^2 = 468529  logratio K1 = 0.175252
WIEFERICH p^2|R_q: 73 16921 R_q/p^2 = 23329  logratio K1 = 0.045887
WIEFERICH p^2|R_q: 17 17417 R_q/p^2 = 928049  logratio K1 = 1.145181
WIEFERICH p^2|R_q: 137 17509 R_q/p^2 = 16151  logratio K1 = 2.569495
WIEFERICH p^2|R_q: 17 19073 R_q/p^2 = 1226911  logratio K1 = 1.98009
WIEFERICH p^2|R_q: 17 19973 R_q/p^2 = 335911  logratio K1 = 0.875362
WIEFERICH p^2|R_q: 17 22901 R_q/p^2 = 1751609  logratio K1 = 1.813508
WIEFERICH p^2|R_q: 17 24709 R_q/p^2 = 736729  logratio K1 = 0.481248
WIEFERICH p^2|R_q: 17 24821 R_q/p^2 = 1573831  logratio K1 = 0.5977
WIEFERICH p^2|R_q: 17 26737 R_q/p^2 = 856129  logratio K1 = 0.489847
WIEFERICH p^2|R_q: 17 26813 R_q/p^2 = 1209929  logratio K1 = 0.078468
WIEFERICH p^2|R_q: 17 26981 R_q/p^2 = 1966951  logratio K1 = 0.730487
WIEFERICH p^2|R_q: 41 27277 R_q/p^2 = 257159  logratio K1 = 0.491837
WIEFERICH p^2|R_q: 17 27457 R_q/p^2 = 2373791  logratio K1 = 1.293373
WIEFERICH p^2|R_q: 73 27733 R_q/p^2 = 84791  logratio K1 = 0.363689
WIEFERICH p^2|R_q: 41 29017 R_q/p^2 = 316319  logratio K1 = 0.35994
WIEFERICH p^2|R_q: 17 30013 R_q/p^2 = 3116471  logratio K1 = 4.62224
WIEFERICH p^2|R_q: 73 31337 R_q/p^2 = 167489  logratio K1 = 1.463039
WIEFERICH p^2|R_q: 17 33797 R_q/p^2 = 808231  logratio K1 = 1.058507
WIEFERICH p^2|R_q: 17 33829 R_q/p^2 = 1791769  logratio K1 = 0.171104
WIEFERICH p^2|R_q: 17 34457 R_q/p^2 = 1123409  logratio K1 = 0.750411
WIEFERICH p^2|R_q: 17 35089 R_q/p^2 = 2777089  logratio K1 = 0.356024
WIEFERICH p^2|R_q: 17 36529 R_q/p^2 = 2434369  logratio K1 = 0.030114
WIEFERICH p^2|R_q: 17 36541 R_q/p^2 = 4179529  logratio K1 = 1.259898
WIEFERICH p^2|R_q: 17 38861 R_q/p^2 = 3949289  logratio K1 = 0.650705
WIEFERICH p^2|R_q: 17 40129 R_q/p^2 = 5478431  logratio K1 = 2.190938
WIEFERICH p^2|R_q: 41 40277 R_q/p^2 = 837641  logratio K1 = 0.403656
WIEFERICH p^2|R_q: 17 40357 R_q/p^2 = 5289191  logratio K1 = 1.50758
WIEFERICH p^2|R_q: 17 43597 R_q/p^2 = 6475031  logratio K1 = 2.233318
WIEFERICH p^2|R_q: 17 45817 R_q/p^2 = 5666449  logratio K1 = 0.728014
WIEFERICH p^2|R_q: 17 46153 R_q/p^2 = 6385969  logratio K1 = 1.058456
WIEFERICH p^2|R_q: 17 46997 R_q/p^2 = 465031  logratio K1 = 2.290178
WIEFERICH p^2|R_q: 97 48193 R_q/p^2 = 122689  logratio K1 = 0.130687
WIEFERICH p^2|R_q: 17 48437 R_q/p^2 = 1568071  logratio K1 = 1.117884
WIEFERICH p^2|R_q: 17 49937 R_q/p^2 = 4959871  logratio K1 = 0.154183
WIEFERICH p^2|R_q: 17 50321 R_q/p^2 = 3520769  logratio K1 = 0.316331
WIEFERICH p^2|R_q: 17 50549 R_q/p^2 = 4862009  logratio K1 = 0.089404
WIEFERICH p^2|R_q: 257 52721 R_q/p^2 = 34591  logratio K1 = 0.337924
WIEFERICH p^2|R_q: 17 52973 R_q/p^2 = 7650089  logratio K1 = 0.753707
WIEFERICH p^2|R_q: 17 56101 R_q/p^2 = 3216409  logratio K1 = 0.666621
WIEFERICH p^2|R_q: 17 56113 R_q/p^2 = 10894271  logratio K1 = 4.935151
WIEFERICH p^2|R_q: 17 58693 R_q/p^2 = 916391  logratio K1 = 2.055203
WIEFERICH p^2|R_q: 17 58921 R_q/p^2 = 5734031  logratio K1 = 0.102907
WIEFERICH p^2|R_q: 17 59797 R_q/p^2 = 4731769  logratio K1 = 0.374762
WIEFERICH p^2|R_q: 17 60589 R_q/p^2 = 9419689  logratio K1 = 0.607518
WIEFERICH p^2|R_q: 41 60937 R_q/p^2 = 1617599  logratio K1 = 0.082154
WIEFERICH p^2|R_q: 17 62473 R_q/p^2 = 618289  logratio K1 = 2.575433
WIEFERICH p^2|R_q: 17 63197 R_q/p^2 = 13477769  logratio K1 = 1.991744
WIEFERICH p^2|R_q: 41 64997 R_q/p^2 = 1918039  logratio K1 = 0.011725
WIEFERICH p^2|R_q: 41 66161 R_q/p^2 = 2409041  logratio K1 = 0.736018
WIEFERICH p^2|R_q: 17 68897 R_q/p^2 = 964831  logratio K1 = 2.325513
WIEFERICH p^2|R_q: 17 69313 R_q/p^2 = 16348129  logratio K1 = 2.197831
WIEFERICH p^2|R_q: 17 69341 R_q/p^2 = 7895671  logratio K1 = 0.110382
WIEFERICH p^2|R_q: 241 70709 R_q/p^2 = 81401  logratio K1 = 1.613653
WIEFERICH p^2|R_q: 17 70769 R_q/p^2 = 14266049  logratio K1 = 0.878947
WIEFERICH p^2|R_q: 17 72949 R_q/p^2 = 18314809  logratio K1 = 2.770209
WIEFERICH p^2|R_q: 17 73237 R_q/p^2 = 724871  logratio K1 = 2.734614
WIEFERICH p^2|R_q: 17 73897 R_q/p^2 = 8003569  logratio K1 = 0.252803
WIEFERICH p^2|R_q: 17 75149 R_q/p^2 = 18992791  logratio K1 = 1.926126
WIEFERICH p^2|R_q: 17 75289 R_q/p^2 = 8590511  logratio K1 = 0.211735
WIEFERICH p^2|R_q: 17 77069 R_q/p^2 = 17529449  logratio K1 = 0.998264
WIEFERICH p^2|R_q: 17 77773 R_q/p^2 = 16505111  logratio K1 = 0.756159
WIEFERICH p^2|R_q: 17 78697 R_q/p^2 = 19951631  logratio K1 = 1.443845
WIEFERICH p^2|R_q: 17 79229 R_q/p^2 = 16410569  logratio K1 = 0.649977
WIEFERICH p^2|R_q: 17 80273 R_q/p^2 = 9658111  logratio K1 = 0.225383
WIEFERICH p^2|R_q: 17 80317 R_q/p^2 = 19021751  logratio K1 = 0.995117
WIEFERICH p^2|R_q: 17 80513 R_q/p^2 = 22179871  logratio K1 = 2.399948
WIEFERICH p^2|R_q: 89 83873 R_q/p^2 = 733999  logratio K1 = 0.838557
WIEFERICH p^2|R_q: 17 84061 R_q/p^2 = 23477111  logratio K1 = 1.741921
WIEFERICH p^2|R_q: 17 84137 R_q/p^2 = 16722929  logratio K1 = 0.439441
WIEFERICH p^2|R_q: 17 84809 R_q/p^2 = 20337871  logratio K1 = 0.856459
WIEFERICH p^2|R_q: 17 86509 R_q/p^2 = 13971671  logratio K1 = 0.062344
WIEFERICH p^2|R_q: 17 87517 R_q/p^2 = 23154551  logratio K1 = 1.092805
WIEFERICH p^2|R_q: 17 87977 R_q/p^2 = 25906289  logratio K1 = 1.846099
WIEFERICH p^2|R_q: 17 89849 R_q/p^2 = 3086609  logratio K1 = 1.689259
WIEFERICH p^2|R_q: 17 89917 R_q/p^2 = 19647049  logratio K1 = 0.493759
WIEFERICH p^2|R_q: 17 90833 R_q/p^2 = 9250049  logratio K1 = 0.564175
WIEFERICH p^2|R_q: 17 91781 R_q/p^2 = 12032551  logratio K1 = 0.283996
WIEFERICH p^2|R_q: 73 91813 R_q/p^2 = 1581289  logratio K1 = 4.317983
WIEFERICH p^2|R_q: 17 93253 R_q/p^2 = 26420569  logratio K1 = 1.114214
WIEFERICH p^2|R_q: 17 94009 R_q/p^2 = 29893871  logratio K1 = 2.042068
WIEFERICH p^2|R_q: 17 98081 R_q/p^2 = 31024351  logratio K1 = 1.452043
WIEFERICH p^2|R_q: 17 99349 R_q/p^2 = 25510009  logratio K1 = 0.623698
total p^2|R_q hits: 99
DONE
